species,run_id,method_name,evaluation_subset,metric_name,value,n_requested,n_success,n_used,metric_status,reason,evidence_level,comparison_set_id,feature_version
Bacillus subtilis,knn_reg_and_gen_six_species_smoke_20260928_v1,knn_sequence_composition,dev_smoke,accuracy,0.8203125,128,128,128,ok,,smoke,knn_reg_and_gen_six_species_smoke_dev_384,sequence_composition_dinucleotide_v1
Bacillus subtilis,knn_reg_and_gen_six_species_smoke_20260928_v1,knn_sequence_composition,dev_smoke,balanced_accuracy,0.8203125,128,128,128,ok,,smoke,knn_reg_and_gen_six_species_smoke_dev_384,sequence_composition_dinucleotide_v1
Bacillus subtilis,knn_reg_and_gen_six_species_smoke_20260928_v1,knn_sequence_composition,dev_smoke,precision,0.8253968253968254,128,128,128,ok,,smoke,knn_reg_and_gen_six_species_smoke_dev_384,sequence_composition_dinucleotide_v1
Bacillus subtilis,knn_reg_and_gen_six_species_smoke_20260928_v1,knn_sequence_composition,dev_smoke,recall,0.8125,128,128,128,ok,,smoke,knn_reg_and_gen_six_species_smoke_dev_384,sequence_composition_dinucleotide_v1
Bacillus subtilis,knn_reg_and_gen_six_species_smoke_20260928_v1,knn_sequence_composition,dev_smoke,f1,0.8188976377952756,128,128,128,ok,,smoke,knn_reg_and_gen_six_species_smoke_dev_384,sequence_composition_dinucleotide_v1
Bacillus subtilis,knn_reg_and_gen_six_species_smoke_20260928_v1,knn_sequence_composition,dev_smoke,roc_auc,0.8997802734375,128,128,128,ok,,smoke,knn_reg_and_gen_six_species_smoke_dev_384,sequence_composition_dinucleotide_v1
Baumanii,knn_reg_and_gen_six_species_smoke_20260928_v1,knn_sequence_composition,dev_smoke,accuracy,0.7890625,128,128,128,ok,,smoke,knn_reg_and_gen_six_species_smoke_dev_384,sequence_composition_dinucleotide_v1
Baumanii,knn_reg_and_gen_six_species_smoke_20260928_v1,knn_sequence_composition,dev_smoke,balanced_accuracy,0.7890625,128,128,128,ok,,smoke,knn_reg_and_gen_six_species_smoke_dev_384,sequence_composition_dinucleotide_v1
Baumanii,knn_reg_and_gen_six_species_smoke_20260928_v1,knn_sequence_composition,dev_smoke,precision,0.8135593220338984,128,128,128,ok,,smoke,knn_reg_and_gen_six_species_smoke_dev_384,sequence_composition_dinucleotide_v1
Baumanii,knn_reg_and_gen_six_species_smoke_20260928_v1,knn_sequence_composition,dev_smoke,recall,0.75,128,128,128,ok,,smoke,knn_reg_and_gen_six_species_smoke_dev_384,sequence_composition_dinucleotide_v1
Baumanii,knn_reg_and_gen_six_species_smoke_20260928_v1,knn_sequence_composition,dev_smoke,f1,0.7804878048780488,128,128,128,ok,,smoke,knn_reg_and_gen_six_species_smoke_dev_384,sequence_composition_dinucleotide_v1
Baumanii,knn_reg_and_gen_six_species_smoke_20260928_v1,knn_sequence_composition,dev_smoke,roc_auc,0.81787109375,128,128,128,ok,,smoke,knn_reg_and_gen_six_species_smoke_dev_384,sequence_composition_dinucleotide_v1
Bradyrhizobium,knn_reg_and_gen_six_species_smoke_20260928_v1,knn_sequence_composition,dev_smoke,accuracy,0.546875,128,128,128,ok,,smoke,knn_reg_and_gen_six_species_smoke_dev_384,sequence_composition_dinucleotide_v1
Bradyrhizobium,knn_reg_and_gen_six_species_smoke_20260928_v1,knn_sequence_composition,dev_smoke,balanced_accuracy,0.546875,128,128,128,ok,,smoke,knn_reg_and_gen_six_species_smoke_dev_384,sequence_composition_dinucleotide_v1
Bradyrhizobium,knn_reg_and_gen_six_species_smoke_20260928_v1,knn_sequence_composition,dev_smoke,precision,0.5483870967741935,128,128,128,ok,,smoke,knn_reg_and_gen_six_species_smoke_dev_384,sequence_composition_dinucleotide_v1
Bradyrhizobium,knn_reg_and_gen_six_species_smoke_20260928_v1,knn_sequence_composition,dev_smoke,recall,0.53125,128,128,128,ok,,smoke,knn_reg_and_gen_six_species_smoke_dev_384,sequence_composition_dinucleotide_v1
Bradyrhizobium,knn_reg_and_gen_six_species_smoke_20260928_v1,knn_sequence_composition,dev_smoke,f1,0.5396825396825397,128,128,128,ok,,smoke,knn_reg_and_gen_six_species_smoke_dev_384,sequence_composition_dinucleotide_v1
Bradyrhizobium,knn_reg_and_gen_six_species_smoke_20260928_v1,knn_sequence_composition,dev_smoke,roc_auc,0.6085205078125,128,128,128,ok,,smoke,knn_reg_and_gen_six_species_smoke_dev_384,sequence_composition_dinucleotide_v1
Diphtheria,knn_reg_and_gen_six_species_smoke_20260928_v1,knn_sequence_composition,dev_smoke,accuracy,0.7109375,128,128,128,ok,,smoke,knn_reg_and_gen_six_species_smoke_dev_384,sequence_composition_dinucleotide_v1
Diphtheria,knn_reg_and_gen_six_species_smoke_20260928_v1,knn_sequence_composition,dev_smoke,balanced_accuracy,0.7109375,128,128,128,ok,,smoke,knn_reg_and_gen_six_species_smoke_dev_384,sequence_composition_dinucleotide_v1
Diphtheria,knn_reg_and_gen_six_species_smoke_20260928_v1,knn_sequence_composition,dev_smoke,precision,0.7213114754098361,128,128,128,ok,,smoke,knn_reg_and_gen_six_species_smoke_dev_384,sequence_composition_dinucleotide_v1
Diphtheria,knn_reg_and_gen_six_species_smoke_20260928_v1,knn_sequence_composition,dev_smoke,recall,0.6875,128,128,128,ok,,smoke,knn_reg_and_gen_six_species_smoke_dev_384,sequence_composition_dinucleotide_v1
Diphtheria,knn_reg_and_gen_six_species_smoke_20260928_v1,knn_sequence_composition,dev_smoke,f1,0.704,128,128,128,ok,,smoke,knn_reg_and_gen_six_species_smoke_dev_384,sequence_composition_dinucleotide_v1
Diphtheria,knn_reg_and_gen_six_species_smoke_20260928_v1,knn_sequence_composition,dev_smoke,roc_auc,0.7938232421875,128,128,128,ok,,smoke,knn_reg_and_gen_six_species_smoke_dev_384,sequence_composition_dinucleotide_v1
Escherichia coli,knn_reg_and_gen_six_species_smoke_20260928_v1,knn_sequence_composition,dev_smoke,accuracy,0.734375,128,128,128,ok,,smoke,knn_reg_and_gen_six_species_smoke_dev_384,sequence_composition_dinucleotide_v1
Escherichia coli,knn_reg_and_gen_six_species_smoke_20260928_v1,knn_sequence_composition,dev_smoke,balanced_accuracy,0.734375,128,128,128,ok,,smoke,knn_reg_and_gen_six_species_smoke_dev_384,sequence_composition_dinucleotide_v1
Escherichia coli,knn_reg_and_gen_six_species_smoke_20260928_v1,knn_sequence_composition,dev_smoke,precision,0.7419354838709677,128,128,128,ok,,smoke,knn_reg_and_gen_six_species_smoke_dev_384,sequence_composition_dinucleotide_v1
Escherichia coli,knn_reg_and_gen_six_species_smoke_20260928_v1,knn_sequence_composition,dev_smoke,recall,0.71875,128,128,128,ok,,smoke,knn_reg_and_gen_six_species_smoke_dev_384,sequence_composition_dinucleotide_v1
Escherichia coli,knn_reg_and_gen_six_species_smoke_20260928_v1,knn_sequence_composition,dev_smoke,f1,0.7301587301587301,128,128,128,ok,,smoke,knn_reg_and_gen_six_species_smoke_dev_384,sequence_composition_dinucleotide_v1
Escherichia coli,knn_reg_and_gen_six_species_smoke_20260928_v1,knn_sequence_composition,dev_smoke,roc_auc,0.8359375,128,128,128,ok,,smoke,knn_reg_and_gen_six_species_smoke_dev_384,sequence_composition_dinucleotide_v1
Staphylococcus,knn_reg_and_gen_six_species_smoke_20260928_v1,knn_sequence_composition,dev_smoke,accuracy,0.8203125,128,128,128,ok,,smoke,knn_reg_and_gen_six_species_smoke_dev_384,sequence_composition_dinucleotide_v1
Staphylococcus,knn_reg_and_gen_six_species_smoke_20260928_v1,knn_sequence_composition,dev_smoke,balanced_accuracy,0.8203125,128,128,128,ok,,smoke,knn_reg_and_gen_six_species_smoke_dev_384,sequence_composition_dinucleotide_v1
Staphylococcus,knn_reg_and_gen_six_species_smoke_20260928_v1,knn_sequence_composition,dev_smoke,precision,0.8059701492537313,128,128,128,ok,,smoke,knn_reg_and_gen_six_species_smoke_dev_384,sequence_composition_dinucleotide_v1
Staphylococcus,knn_reg_and_gen_six_species_smoke_20260928_v1,knn_sequence_composition,dev_smoke,recall,0.84375,128,128,128,ok,,smoke,knn_reg_and_gen_six_species_smoke_dev_384,sequence_composition_dinucleotide_v1
Staphylococcus,knn_reg_and_gen_six_species_smoke_20260928_v1,knn_sequence_composition,dev_smoke,f1,0.8244274809160306,128,128,128,ok,,smoke,knn_reg_and_gen_six_species_smoke_dev_384,sequence_composition_dinucleotide_v1
Staphylococcus,knn_reg_and_gen_six_species_smoke_20260928_v1,knn_sequence_composition,dev_smoke,roc_auc,0.8814697265625,128,128,128,ok,,smoke,knn_reg_and_gen_six_species_smoke_dev_384,sequence_composition_dinucleotide_v1
