epoch,train_mse_normalized,val_mse_normalized,best_epoch,seconds
1,0.01875177261100047,0.015372433701234457,1,0.18656979998922907
2,0.016852688491944583,0.015095811153370813,2,0.20038490000297315
3,0.01624384130180835,0.014989983751132993,3,0.19563449997804128
4,0.015887659552737077,0.014874292866640791,4,0.20270100000198
5,0.015370039177069184,0.014746802081252107,5,0.19655729999067262
6,0.015117100873717065,0.015091253542751324,5,0.19449599998188205
7,0.014980996170679762,0.014716149331292476,7,0.1828564000024926
8,0.01444611965536885,0.015606860837581046,7,0.1828150000073947
9,0.014164437251678307,0.014975581503046474,7,0.1866057000006549
10,0.01378993237385292,0.01493213139369925,7,0.1807598000159487
11,0.013499070711552123,0.014844851883831348,7,0.21138140000402927
12,0.013032495287807049,0.014961489985539748,7,0.18705019998014905
13,0.012962281250043983,0.015020198751276487,7,0.18096160001005046
14,0.012556997173736519,0.01504005745379228,7,0.18793960000039078
15,0.012197288455691051,0.015284128971836638,7,0.1807011000055354
16,0.011847035858370802,0.015969118672729675,7,0.17959739998332225
17,0.0116666636791821,0.01589528455039088,7,0.18517989999963902
18,0.011289626429581633,0.01585448416084703,7,0.18533259999821894
19,0.010984516254285618,0.015981562754251083,7,0.17819730000337586
20,0.010529283020778843,0.01638726676974615,7,0.18546680000144988
21,0.010316394335973447,0.01583118598847595,7,0.1816967999911867
22,0.010124029108887683,0.01588527586643307,7,0.18476319999899715
