feature_set,k,alpha,n_features,val_r2_log10,val_mae_log10,val_spearman_log10
kmer3,3,0.01,64,0.05216520771564803,0.45982798849361334,0.21864689673094878
kmer3,3,0.1,64,0.05216690092720577,0.45982755993562435,0.21865619369102263
kmer3,3,1.0,64,0.0521835717950101,0.45982330453700954,0.21869259187718904
kmer3,3,3.0,64,0.052218984446073424,0.45981403927135145,0.21882339077988816
kmer3,3,10.0,64,0.05232730069679181,0.45978571710180866,0.21907550109204477
kmer3,3,30.0,64,0.05254064490234489,0.4597317620268816,0.21946062366720037
kmer3,3,100.0,64,0.052801796373081356,0.459665047292827,0.21975388914361418
kmer3,3,300.0,64,0.05274476394465655,0.45962056409984314,0.2198243176120776
kmer3,3,1000.0,64,0.052425703890947806,0.45962696455546326,0.21941773570963322
kmer4,4,0.01,256,0.029594050971331387,0.4664561869956773,0.1924998967326149
kmer4,4,0.1,256,0.02960520555459223,0.466453392042263,0.19251568028853672
kmer4,4,1.0,256,0.029715513167057783,0.46642566898774357,0.1925677911099458
kmer4,4,3.0,256,0.02995284755858374,0.4663654938260254,0.19280705736955353
kmer4,4,10.0,256,0.030707447804697252,0.4661697510796764,0.19356054089368133
kmer4,4,30.0,256,0.032371556909671306,0.46571762976675884,0.19498734746266633
kmer4,4,100.0,256,0.035413451121833917,0.4648928787118326,0.19783858317010855
kmer4,4,300.0,256,0.038204183994313023,0.4639979565741841,0.20014193228523505
kmer4,4,1000.0,256,0.041541671450074924,0.4628501779114235,0.20229078228861613
kmer5,5,0.01,1024,-0.054147691456429614,0.49232224545944336,0.14264934171384663
kmer5,5,0.1,1024,-0.0540951083434309,0.4923085996283546,0.142646454077836
kmer5,5,1.0,1024,-0.05357580822839725,0.4921732907782459,0.1427774234018686
kmer5,5,3.0,1024,-0.0524624945879304,0.4918822535151267,0.1432732362208912
kmer5,5,10.0,1024,-0.04895164213958547,0.4909454061280777,0.14463849316703498
kmer5,5,30.0,1024,-0.041276139681081014,0.48885971165673753,0.14824056398757174
kmer5,5,100.0,1024,-0.026783070887412386,0.48476778785823127,0.15529810094115473
kmer5,5,300.0,1024,-0.011359642436593154,0.48021947533377823,0.16460191915053807
kmer5,5,1000.0,1024,0.007561573023892709,0.47450666877624287,0.1752433394752682
kmer3_physchem8,3,0.01,72,0.04999366968082486,0.4605249749923052,0.21410354654493807
kmer3_physchem8,3,0.1,72,0.0499958540095683,0.46052393439935446,0.21409876627946
kmer3_physchem8,3,1.0,72,0.05001708747164557,0.4605144833492454,0.21410407897929043
kmer3_physchem8,3,3.0,72,0.05006219407492274,0.4604963063077556,0.2142817246953778
kmer3_physchem8,3,10.0,72,0.0502070049278307,0.4604405351458877,0.21448630439177704
kmer3_physchem8,3,30.0,72,0.05053872910834589,0.46031698524865616,0.2151230429513704
kmer3_physchem8,3,100.0,72,0.05118563562349088,0.4600751033563465,0.21594475111032005
kmer3_physchem8,3,300.0,72,0.051713476716548024,0.45987108504397745,0.21762031143215452
kmer3_physchem8,3,1000.0,72,0.051870192041560625,0.45974602083297433,0.21829536621180406
