candidate,stage,seed,run_id,run_dir,parameters,best_epoch,epochs_completed,val_mse_normalized,n_requested,n_success,log10_mae,log10_r2,log10_spearman,raw_mae,raw_r2,raw_spearman
small_dense,search,20260928,cnn_optimization_20261004_round1_small_dense_s20260928,CNN/runs/cnn_optimization_20261004_round1/cnn_optimization_20261004_round1_small_dense_s20260928,13721,4,19,0.01475947747551285,1783,1783,0.46379366722144977,0.05014362967467312,0.19201636165922553,1401.106494946878,-0.010491358409489226,0.19201636165922553
medium_dense_regularized,search,20260928,cnn_optimization_20261004_round1_medium_dense_regularized_s20260928,CNN/runs/cnn_optimization_20261004_round1/cnn_optimization_20261004_round1_medium_dense_regularized_s20260928,54321,10,23,0.014995568522277737,1783,1783,0.46317340903273996,0.0349498128848017,0.17724474495125195,1400.4136255080286,-0.01135754282077972,0.17724474495125195
avg10_small,search,20260928,cnn_optimization_20261004_round1_avg10_small_s20260928,CNN/runs/cnn_optimization_20261004_round1/cnn_optimization_20261004_round1_avg10_small_s20260928,13361,15,30,0.014669915316474953,1783,1783,0.4529545320692617,0.05590744458026131,0.19689841313107856,1396.4812226812232,-0.009515580708853388,0.19689841313107856
avg10_medium,search,20260928,cnn_optimization_20261004_round1_avg10_medium_s20260928,CNN/runs/cnn_optimization_20261004_round1/cnn_optimization_20261004_round1_avg10_medium_s20260928,31777,16,31,0.014449612750967967,1783,1783,0.45631160066283616,0.07008518856018253,0.22587869014681453,1397.3720095198573,-0.009735818348953318,0.22587869014681453
avg5_medium,search,20260928,cnn_optimization_20261004_round1_avg5_medium_s20260928,CNN/runs/cnn_optimization_20261004_round1/cnn_optimization_20261004_round1_avg5_medium_s20260928,21537,11,26,0.014389440247008658,1783,1783,0.4533957338915447,0.0739576147867862,0.22781353295907525,1396.270091183772,-0.009698330734625893,0.22781353295907525
max10_small,search,20260928,cnn_optimization_20261004_round1_max10_small_s20260928,CNN/runs/cnn_optimization_20261004_round1/cnn_optimization_20261004_round1_max10_small_s20260928,13361,7,22,0.014716149331292476,1783,1783,0.46715288802165084,0.052932036537158944,0.21921535043623858,1404.3618608119386,-0.009789490402070555,0.21921535043623858
avg5_medium,stability,20260929,cnn_optimization_20261004_round1_avg5_medium_s20260929,CNN/runs/cnn_optimization_20261004_round1/cnn_optimization_20261004_round1_avg5_medium_s20260929,21537,22,37,0.014293919546729183,1783,1783,0.45613686630008865,0.0801049298677925,0.2258266622486377,1395.7868574867448,-0.006622012356741314,0.2258266622486377
avg5_medium,stability,20260930,cnn_optimization_20261004_round1_avg5_medium_s20260930,CNN/runs/cnn_optimization_20261004_round1/cnn_optimization_20261004_round1_avg5_medium_s20260930,21537,8,23,0.014495308148981277,1783,1783,0.45947864111633896,0.06714441276533234,0.2083241336028023,1398.2480109929052,-0.00970530710704165,0.2083241336028023
avg10_medium,stability,20260929,cnn_optimization_20261004_round1_avg10_medium_s20260929,CNN/runs/cnn_optimization_20261004_round1/cnn_optimization_20261004_round1_avg10_medium_s20260929,31777,26,41,0.014447901825213192,1783,1783,0.4557004987560526,0.07019529263241464,0.22664004969149326,1396.2474662079235,-0.009286682342398933,0.22664004969149326
avg10_medium,stability,20260930,cnn_optimization_20261004_round1_avg10_medium_s20260930,CNN/runs/cnn_optimization_20261004_round1/cnn_optimization_20261004_round1_avg10_medium_s20260930,31777,14,29,0.014653722532574073,1783,1783,0.4574468433043281,0.05694956579042365,0.20285317967680225,1397.6018630573494,-0.01050675671450474,0.20285317967680225
