dataset_id,run_id,method_name,split_id,evaluation_subset,metric_name,target_scale,value,n_requested,n_success,n_used,metric_status,reason,evidence_level,comparison_set_id,schema_version,data_version
course_ecoli50_strength,thermo_regseq2_integrated_20261002_v2,thermo_regseq2,ecoli50_random_20260928_v1,train,r2,raw,-0.007090685117856488,8318,8318,8318,ok,,preliminary,thermo_regseq2_integrated_20261002_v2_train_available,2.0.0,ecoli50_strength_v1
course_ecoli50_strength,thermo_regseq2_integrated_20261002_v2,thermo_regseq2,ecoli50_random_20260928_v1,train,mae,raw,1612.1561725096399,8318,8318,8318,ok,,preliminary,thermo_regseq2_integrated_20261002_v2_train_available,2.0.0,ecoli50_strength_v1
course_ecoli50_strength,thermo_regseq2_integrated_20261002_v2,thermo_regseq2,ecoli50_random_20260928_v1,train,spearman,raw,0.19860684304985496,8318,8318,8318,ok,,preliminary,thermo_regseq2_integrated_20261002_v2_train_available,2.0.0,ecoli50_strength_v1
course_ecoli50_strength,thermo_regseq2_integrated_20261002_v2,thermo_regseq2,ecoli50_random_20260928_v1,train,r2,log10,0.0453477048045523,8318,8318,8318,ok,,preliminary,thermo_regseq2_integrated_20261002_v2_train_available,2.0.0,ecoli50_strength_v1
course_ecoli50_strength,thermo_regseq2_integrated_20261002_v2,thermo_regseq2,ecoli50_random_20260928_v1,train,mae,log10,0.4661521068371191,8318,8318,8318,ok,,preliminary,thermo_regseq2_integrated_20261002_v2_train_available,2.0.0,ecoli50_strength_v1
course_ecoli50_strength,thermo_regseq2_integrated_20261002_v2,thermo_regseq2,ecoli50_random_20260928_v1,train,spearman,log10,0.19860684304985496,8318,8318,8318,ok,,preliminary,thermo_regseq2_integrated_20261002_v2_train_available,2.0.0,ecoli50_strength_v1
course_ecoli50_strength,thermo_regseq2_integrated_20261002_v2,thermo_regseq2,ecoli50_random_20260928_v1,train,spearman,tool_rank,0.19860684304985496,8318,8318,8318,ok,,preliminary,thermo_regseq2_integrated_20261002_v2_train_available,2.0.0,ecoli50_strength_v1
course_ecoli50_strength,thermo_regseq2_integrated_20261002_v2,thermo_regseq2,ecoli50_random_20260928_v1,val,r2,raw,-0.010798823799542001,1783,1782,1782,ok,,preliminary,thermo_regseq2_integrated_20261002_v2_val_available,2.0.0,ecoli50_strength_v1
course_ecoli50_strength,thermo_regseq2_integrated_20261002_v2,thermo_regseq2,ecoli50_random_20260928_v1,val,mae,raw,1401.1704517474652,1783,1782,1782,ok,,preliminary,thermo_regseq2_integrated_20261002_v2_val_available,2.0.0,ecoli50_strength_v1
course_ecoli50_strength,thermo_regseq2_integrated_20261002_v2,thermo_regseq2,ecoli50_random_20260928_v1,val,spearman,raw,0.15195460071338188,1783,1782,1782,ok,,preliminary,thermo_regseq2_integrated_20261002_v2_val_available,2.0.0,ecoli50_strength_v1
course_ecoli50_strength,thermo_regseq2_integrated_20261002_v2,thermo_regseq2,ecoli50_random_20260928_v1,val,r2,log10,0.029041352359570838,1783,1782,1782,ok,,preliminary,thermo_regseq2_integrated_20261002_v2_val_available,2.0.0,ecoli50_strength_v1
course_ecoli50_strength,thermo_regseq2_integrated_20261002_v2,thermo_regseq2,ecoli50_random_20260928_v1,val,mae,log10,0.46415112510810724,1783,1782,1782,ok,,preliminary,thermo_regseq2_integrated_20261002_v2_val_available,2.0.0,ecoli50_strength_v1
course_ecoli50_strength,thermo_regseq2_integrated_20261002_v2,thermo_regseq2,ecoli50_random_20260928_v1,val,spearman,log10,0.15195460071338188,1783,1782,1782,ok,,preliminary,thermo_regseq2_integrated_20261002_v2_val_available,2.0.0,ecoli50_strength_v1
course_ecoli50_strength,thermo_regseq2_integrated_20261002_v2,thermo_regseq2,ecoli50_random_20260928_v1,val,spearman,tool_rank,0.15195460071338188,1783,1782,1782,ok,,preliminary,thermo_regseq2_integrated_20261002_v2_val_available,2.0.0,ecoli50_strength_v1
