dataset_id,run_id,method_name,split_id,evaluation_subset,metric_name,target_scale,value,n_requested,n_success,n_used,metric_status,reason,evidence_level,comparison_set_id,schema_version,data_version
course_ecoli50_strength,thermo_regseq2_ecoli50_v1,thermo_regseq2,ecoli50_random_20260928_v1,train_tool_rank,spearman,tool_rank,0.192763,11884,11883,8318,ok,,preliminary,train_tool_rank_thermo_v1,2.0.0,ecoli50_strength_v1
course_ecoli50_strength,thermo_regseq2_ecoli50_v1,thermo_regseq2,ecoli50_random_20260928_v1,train_calibrated,r2,log10,0.042086,11884,11883,8318,ok,,preliminary,train_calibrated_thermo_v1,2.0.0,ecoli50_strength_v1
course_ecoli50_strength,thermo_regseq2_ecoli50_v1,thermo_regseq2,ecoli50_random_20260928_v1,train_calibrated,mae,log10,0.466817,11884,11883,8318,ok,,preliminary,train_calibrated_thermo_v1,2.0.0,ecoli50_strength_v1
course_ecoli50_strength,thermo_regseq2_ecoli50_v1,thermo_regseq2,ecoli50_random_20260928_v1,val_tool_rank,spearman,tool_rank,0.158255,11884,11883,1782,ok,,preliminary,val_tool_rank_thermo_v1,2.0.0,ecoli50_strength_v1
course_ecoli50_strength,thermo_regseq2_ecoli50_v1,thermo_regseq2,ecoli50_random_20260928_v1,val_calibrated,r2,log10,0.029393,11884,11883,1782,ok,,preliminary,val_calibrated_thermo_v1,2.0.0,ecoli50_strength_v1
course_ecoli50_strength,thermo_regseq2_ecoli50_v1,thermo_regseq2,ecoli50_random_20260928_v1,val_calibrated,mae,log10,0.463486,11884,11883,1782,ok,,preliminary,val_calibrated_thermo_v1,2.0.0,ecoli50_strength_v1
course_ecoli50_strength,thermo_regseq2_ecoli50_v1,thermo_regseq2,ecoli50_random_20260928_v1,test_tool_rank,spearman,tool_rank,0.230631,11884,11883,1783,ok,,preliminary,test_tool_rank_thermo_v1,2.0.0,ecoli50_strength_v1
course_ecoli50_strength,thermo_regseq2_ecoli50_v1,thermo_regseq2,ecoli50_random_20260928_v1,test_calibrated,r2,log10,0.054213,11884,11883,1783,ok,,preliminary,test_calibrated_thermo_v1,2.0.0,ecoli50_strength_v1
course_ecoli50_strength,thermo_regseq2_ecoli50_v1,thermo_regseq2,ecoli50_random_20260928_v1,test_calibrated,mae,log10,0.452652,11884,11883,1783,ok,,preliminary,test_calibrated_thermo_v1,2.0.0,ecoli50_strength_v1
course_ecoli50_strength,thermo_regseq2_ecoli50_v1,thermo_regseq2,ecoli50_random_20260928_v1,all_tool_rank,spearman,tool_rank,0.192978,11884,11883,11883,ok,,preliminary,all_tool_rank_thermo_v1,2.0.0,ecoli50_strength_v1
course_ecoli50_strength,thermo_regseq2_ecoli50_v1,thermo_regseq2,ecoli50_random_20260928_v1,all_calibrated,r2,log10,0.042083,11884,11883,11883,ok,,preliminary,all_calibrated_thermo_v1,2.0.0,ecoli50_strength_v1
course_ecoli50_strength,thermo_regseq2_ecoli50_v1,thermo_regseq2,ecoli50_random_20260928_v1,all_calibrated,mae,log10,0.464192,11884,11883,11883,ok,,preliminary,all_calibrated_thermo_v1,2.0.0,ecoli50_strength_v1
