region_type,matching_letters,n,median_strength,median_log10,q25_log10,q75_log10
minus10,0,70,588.495,2.7696843209606605,2.3883566159260647,3.259203934600193
minus10,1,133,607.35,2.783439035824095,2.3176455432211585,3.317777190986629
minus10,2,130,566.01,2.7521709093579276,2.299812084488374,3.1968487497484177
minus10,3,91,661.47,2.8205101521820164,2.198769376204695,3.4309686727112547
minus10,4,91,855.49,2.932214937348537,2.477282514718279,3.4396138633751874
minus10,5,58,923.375,2.9647522939661064,2.4307434219512496,3.5049121973894
minus10,6,4,3183.37,3.4270743860002133,3.106571664204151,4.236471185122569
minus35,0,66,1119.4650000000001,3.0490094152061986,2.52691115362345,3.5373997794459093
minus35,1,170,764.855,2.8835783025251582,2.38392482490454,3.359462805593576
minus35,2,172,423.175,2.626472706650625,2.2261837210925393,3.2233375620368303
minus35,3,101,856.5,2.932727367301529,2.416773604023939,3.612584671140532
minus35,4,45,704.52,2.8478933264252886,2.2955231185474934,3.311134815246606
minus35,5,14,1799.865,3.1581882228061757,2.6143426679961244,3.78411454357971
minus35,6,5,8238.34,3.915839711519016,2.8205101521820164,3.985944892696665
