region_type,position_1index,base,fraction,n
minus10,1,A,0.30329289428076256,577
minus10,1,C,0.15251299826689774,577
minus10,1,G,0.1611785095320624,577
minus10,1,T,0.3830155979202773,577
minus10,2,A,0.43154246100519933,577
minus10,2,C,0.12305025996533796,577
minus10,2,G,0.11091854419410745,577
minus10,2,T,0.3344887348353553,577
minus10,3,A,0.4246100519930676,577
minus10,3,C,0.12998266897746968,577
minus10,3,G,0.12131715771230503,577
minus10,3,T,0.3240901213171577,577
minus10,4,A,0.42114384748700173,577
minus10,4,C,0.1386481802426343,577
minus10,4,G,0.1438474870017331,577
minus10,4,T,0.29636048526863085,577
minus10,5,A,0.35701906412478335,577
minus10,5,C,0.1733102253032929,577
minus10,5,G,0.16291161178509533,577
minus10,5,T,0.30675909878682844,577
minus10,6,A,0.29462738301559793,577
minus10,6,C,0.1854419410745234,577
minus10,6,G,0.10745233968804159,577
minus10,6,T,0.4124783362218371,577
minus35,1,A,0.2286212914485166,573
minus35,1,C,0.2006980802792321,573
minus35,1,G,0.193717277486911,573
minus35,1,T,0.3769633507853403,573
minus35,2,A,0.19895287958115182,573
minus35,2,C,0.1762652705061082,573
minus35,2,G,0.20593368237347295,573
minus35,2,T,0.418848167539267,573
minus35,3,A,0.2338568935427574,573
minus35,3,C,0.18673647469458987,573
minus35,3,G,0.268760907504363,573
minus35,3,T,0.3106457242582897,573
minus35,4,A,0.2792321116928447,573
minus35,4,C,0.2181500872600349,573
minus35,4,G,0.21465968586387435,573
minus35,4,T,0.2879581151832461,573
minus35,5,A,0.2705061082024433,573
minus35,5,C,0.2617801047120419,573
minus35,5,G,0.17452006980802792,573
minus35,5,T,0.2931937172774869,573
minus35,6,A,0.3089005235602094,573
minus35,6,C,0.193717277486911,573
minus35,6,G,0.19895287958115182,573
minus35,6,T,0.29842931937172773,573
