sample_id	region_type	chunk	region_gc	consensus_matches	gc	strength	target_log10	split
ecoli50_r000012	minus10	TAAAAT	0.0	5	0.3	58.95	1.770483809431108	train
ecoli50_r000028	minus10	ATCATT	0.16666666666666666	2	0.48	1289.44	3.110401138428078	test
ecoli50_r000078	minus10	TACGGT	0.5	3	0.4	469.04	2.671209881176741	train
ecoli50_r000087	minus10	ATCATT	0.16666666666666666	2	0.38	1090.33	3.037557961691636	test
ecoli50_r000091	minus10	CAGAAT	0.3333333333333333	4	0.5	3980.86	3.5999769044626238	train
ecoli50_r000126	minus10	CTAAAA	0.16666666666666666	2	0.56	977.38	2.9900634478715	train
ecoli50_r000188	minus10	TACACT	0.3333333333333333	4	0.46	17851.54	4.251675687375552	train
ecoli50_r000254	minus10	ACAATG	0.3333333333333333	1	0.52	2261.17	3.354333214838282	train
ecoli50_r000258	minus10	AACTGG	0.5	1	0.4	3284.24	3.5164348862266874	test
ecoli50_r000262	minus10	TAAGAT	0.16666666666666666	4	0.4	9429.18	3.974473926357731	val
ecoli50_r000297	minus10	TGTAAC	0.3333333333333333	4	0.42	38.08	1.5806969397124366	train
ecoli50_r000302	minus10	TACTTT	0.16666666666666666	3	0.36	6398.24	3.806060526576593	train
ecoli50_r000314	minus10	GATACG	0.5	3	0.4	110.53	2.043480170022551	val
ecoli50_r000391	minus10	TTCCCT	0.5	2	0.22	42.72	1.6306312440205	train
ecoli50_r000399	minus10	ATTCTC	0.3333333333333333	1	0.4	70.59	1.848743181895684	train
ecoli50_r000402	minus10	ATAGCG	0.5	0	0.38	2495.38	3.397136689974174	train
ecoli50_r000407	minus10	CCTTAA	0.3333333333333333	2	0.46	343.66	2.536128985758921	train
ecoli50_r000416	minus10	AAATTT	0.0	2	0.42	212.16	2.326663506724679	train
ecoli50_r000446	minus10	ATTATC	0.16666666666666666	2	0.52	380.29	2.5801149054749035	val
ecoli50_r000463	minus10	CCATGA	0.5	0	0.32	4685.32	3.670739257868032	train
ecoli50_r000478	minus10	TATTAT	0.0	5	0.4	22.29	1.3481100684802376	train
ecoli50_r000490	minus10	GGTCTG	0.6666666666666666	1	0.5	228.51	2.358905210313047	val
ecoli50_r000492	minus10	GCTATA	0.3333333333333333	2	0.38	990.2	2.995722921995465	test
ecoli50_r000537	minus10	TATGGT	0.3333333333333333	4	0.48	128.17	2.107786384315953	test
ecoli50_r000550	minus10	GTATAG	0.3333333333333333	1	0.48	9447.27	3.975306327533033	train
ecoli50_r000567	minus10	CTAAAT	0.16666666666666666	3	0.36	279.41	2.4462419453254136	val
ecoli50_r000574	minus10	TTATTT	0.0	2	0.36	396.88	2.598659214028129	train
ecoli50_r000596	minus10	AAAATC	0.16666666666666666	2	0.34	12653.31	4.1022041481756935	train
ecoli50_r000621	minus10	GCGTAA	0.5	1	0.54	146.75	2.166578109919652	train
ecoli50_r000622	minus10	GTAGAC	0.5	1	0.42	983.56	2.9928008582808783	train
ecoli50_r000624	minus10	ATTCGC	0.5	1	0.48	12972.58	4.113026357605656	test
ecoli50_r000675	minus10	TGTTGA	0.3333333333333333	2	0.4	326.26	2.5135638318505884	train
ecoli50_r000688	minus10	ATAATA	0.0	1	0.14	3217.31	3.507492908835779	train
ecoli50_r000689	minus10	ACGTTC	0.5	0	0.54	2236.55	3.3495786116440964	val
ecoli50_r000734	minus10	TAGTGT	0.3333333333333333	3	0.42	424.09	2.6274580319597765	test
ecoli50_r000743	minus10	GTATGA	0.3333333333333333	0	0.48	336.75	2.5273076043950238	test
ecoli50_r000770	minus10	TATACT	0.16666666666666666	5	0.48	416.93	2.620063145703664	val
ecoli50_r000843	minus10	CTATAG	0.3333333333333333	1	0.36	226.63	2.3553173987845595	test
ecoli50_r000844	minus10	ATATTT	0.0	1	0.3	42.09	1.6241789257480224	val
ecoli50_r000846	minus10	TGTAGC	0.5	3	0.54	85.45	1.931712067056756	val
ecoli50_r000848	minus10	TTATCA	0.16666666666666666	1	0.26	1593.56	3.2023684199769007	train
ecoli50_r000981	minus10	TATACT	0.16666666666666666	5	0.48	527.58	2.7222883235417417	train
ecoli50_r001014	minus10	TAAATT	0.0	4	0.32	347.8	2.5413295776666938	train
ecoli50_r001031	minus10	AGTAAG	0.3333333333333333	3	0.24	335.49	2.5256795796181444	train
ecoli50_r001055	minus10	CAAGCT	0.5	2	0.5	1307.75	3.1165247286994737	train
ecoli50_r001090	minus10	TAGACT	0.3333333333333333	4	0.62	201.86	2.3050502689172228	train
ecoli50_r001117	minus10	TACTCT	0.3333333333333333	3	0.46	47.16	1.6735737964230517	train
ecoli50_r001119	minus10	TAAAAT	0.0	5	0.4	1187.62	3.074677502679902	test
ecoli50_r001150	minus10	CACAAT	0.3333333333333333	4	0.46	606.93	2.783138604803781	train
ecoli50_r001151	minus10	CACAAT	0.3333333333333333	4	0.44	116.47	2.066214075471244	test
ecoli50_r001165	minus10	TAAAAT	0.0	5	0.36	15529.94	4.191169777832921	train
ecoli50_r001166	minus10	TAAAAT	0.0	5	0.36	269.35	2.4303169798819737	train
ecoli50_r001171	minus10	AGTAAA	0.16666666666666666	3	0.38	165.95	2.2199772567446225	train
ecoli50_r001182	minus10	GTGTTA	0.3333333333333333	0	0.46	502.63	2.701248406352915	train
ecoli50_r001188	minus10	AATTTT	0.0	3	0.34	66.54	1.823082796532804	train
ecoli50_r001189	minus10	AATTTT	0.0	3	0.4	1448.46	3.1609065064302606	test
ecoli50_r001196	minus10	AAGTTA	0.16666666666666666	1	0.48	2022.31	3.305847729380622	test
ecoli50_r001197	minus10	TTGATC	0.3333333333333333	2	0.28	61.17	1.7865384804978024	test
ecoli50_r001199	minus10	TGTCAC	0.5	3	0.5	2696.62	3.4308197512246785	train
ecoli50_r001200	minus10	TGTCAC	0.5	3	0.54	2698.47	3.4311175941978305	train
ecoli50_r001203	minus10	GTAAAG	0.3333333333333333	2	0.4	847.09	2.927929554872506	train
ecoli50_r001214	minus10	ATACTC	0.3333333333333333	0	0.32	137.46	2.1381763395730413	train
ecoli50_r001255	minus10	TATTAA	0.0	4	0.34	2988.9	3.47551138503771	test
ecoli50_r001274	minus10	TGATAC	0.3333333333333333	2	0.44	518.32	2.71459796693727	train
ecoli50_r001295	minus10	AGCATT	0.3333333333333333	2	0.58	1121.99	3.049988986185586	train
ecoli50_r001310	minus10	ACAATT	0.16666666666666666	2	0.48	218.11	2.3386755777532025	train
ecoli50_r001340	minus10	TAAACT	0.16666666666666666	4	0.38	442.25	2.6456678415817607	train
ecoli50_r001346	minus10	CCCCAT	0.6666666666666666	2	0.52	465.34	2.667770385506892	train
ecoli50_r001369	minus10	CAAATT	0.16666666666666666	3	0.3	98.83	1.9948887953649104	train
ecoli50_r001441	minus10	TATAGT	0.16666666666666666	5	0.26	192.43	2.284272779857725	train
ecoli50_r001452	minus10	AATATT	0.0	4	0.26	10174.65	4.007519478763791	val
ecoli50_r001512	minus10	TAGAAT	0.16666666666666666	5	0.5	215.41	2.3332658607261734	train
ecoli50_r001513	minus10	TAGAAT	0.16666666666666666	5	0.42	215.41	2.3332658607261734	train
ecoli50_r001531	minus10	TAAAAG	0.16666666666666666	4	0.5	50.77	1.705607163404605	val
ecoli50_r001543	minus10	TAATCT	0.16666666666666666	3	0.46	296.48	2.4719954019748225	train
ecoli50_r001578	minus10	CAAAAT	0.16666666666666666	4	0.28	13620.32	4.134187311145169	train
ecoli50_r001583	minus10	CAGGCA	0.6666666666666666	1	0.54	6387.07	3.805301675896069	train
ecoli50_r001616	minus10	ATTATA	0.0	2	0.28	112.25	2.0501863496753607	test
ecoli50_r001617	minus10	ATTATT	0.0	3	0.46	238.74	2.377925189530032	train
ecoli50_r001676	minus10	GGCAAA	0.5	2	0.42	106.38	2.026859985984561	train
ecoli50_r001679	minus10	CTATAG	0.3333333333333333	1	0.54	222.91	2.348129551869214	test
ecoli50_r001683	minus10	TATGGT	0.3333333333333333	4	0.34	2095.59	3.321306317359808	val
ecoli50_r001703	minus10	TAATTT	0.0	3	0.4	89.69	1.9527440240148983	train
ecoli50_r001705	minus10	ATTATA	0.0	2	0.38	13893.47	4.142810727641427	train
ecoli50_r001719	minus10	TACTCA	0.3333333333333333	2	0.28	48.11	1.682235356902564	train
ecoli50_r001778	minus10	TATACT	0.16666666666666666	5	0.36	873.84	2.9414319206455497	val
ecoli50_r001779	minus10	TATACT	0.16666666666666666	5	0.38	873.84	2.9414319206455497	test
ecoli50_r001800	minus10	AGATCA	0.3333333333333333	0	0.42	1411.78	3.149767025164735	train
ecoli50_r001811	minus10	ATAATG	0.16666666666666666	1	0.44	2516.43	3.400784854051037	train
ecoli50_r001812	minus10	ATAATG	0.16666666666666666	1	0.4	2516.43	3.400784854051037	train
ecoli50_r001813	minus10	GTACAA	0.3333333333333333	1	0.36	3710.26	3.5694043442805	test
ecoli50_r001867	minus10	ACACTT	0.3333333333333333	1	0.34	306.35	2.486217884667973	train
ecoli50_r001880	minus10	TGTGTT	0.3333333333333333	3	0.44	162.36	2.210479042645248	test
ecoli50_r001882	minus10	TATGTT	0.16666666666666666	4	0.46	504.91	2.703213972204323	val
ecoli50_r001939	minus10	GGTAAT	0.3333333333333333	4	0.36	761.7	2.881783955593385	train
ecoli50_r001940	minus10	GCGGCG	1.0	0	0.34	3525.07	3.5471677455293715	test
ecoli50_r001991	minus10	CTACAA	0.3333333333333333	1	0.4	186.41	2.270469206453198	train
ecoli50_r002005	minus10	TATGGT	0.3333333333333333	4	0.32	1409.32	3.149009615150009	train
ecoli50_r002006	minus10	TATGGT	0.3333333333333333	4	0.34	1407.64	3.1484915994053058	val
ecoli50_r002136	minus10	ACAACA	0.3333333333333333	1	0.36	144.89	2.161038412422962	train
ecoli50_r002156	minus10	TATATC	0.16666666666666666	4	0.3	13478.09	4.12962835204851	train
ecoli50_r002219	minus10	GTAGTA	0.3333333333333333	0	0.48	243.16	2.385892134712404	train
ecoli50_r002261	minus10	CTAAAA	0.16666666666666666	2	0.5	709.6	2.85101360682367	test
ecoli50_r002274	minus10	TAATAA	0.0	3	0.34	1148.15	3.0599986301496918	train
ecoli50_r002275	minus10	CTATTA	0.16666666666666666	0	0.36	2560.9	3.4083926201333603	val
ecoli50_r002276	minus10	TAATAA	0.0	3	0.36	1323.99	3.1218847049214906	train
ecoli50_r002326	minus10	AATTCT	0.16666666666666666	3	0.3	4161.26	3.619224851826989	train
ecoli50_r002330	minus10	AGCAAA	0.3333333333333333	2	0.48	11476.99	4.059828003236634	train
ecoli50_r002348	minus10	GAAAAC	0.3333333333333333	3	0.4	661.47	2.8205101521820164	val
ecoli50_r002363	minus10	TATCGT	0.3333333333333333	4	0.42	2575.13	3.410799158370428	train
ecoli50_r002364	minus10	AATACT	0.16666666666666666	4	0.34	2940.55	3.468428568379947	train
ecoli50_r002399	minus10	TTAGTA	0.16666666666666666	1	0.28	1627.62	3.211553017772715	val
ecoli50_r002404	minus10	CAAAGA	0.3333333333333333	2	0.32	100.31	2.0013442304116014	train
ecoli50_r002424	minus10	TTAACT	0.16666666666666666	3	0.5	4211.18	3.624403805024167	train
ecoli50_r002455	minus10	ATAAGA	0.16666666666666666	1	0.44	969.55	2.98657021069597	val
ecoli50_r002456	minus10	ATAAGA	0.16666666666666666	1	0.42	969.55	2.98657021069597	test
ecoli50_r002493	minus10	ACCCTG	0.6666666666666666	0	0.36	407.33	2.6099463972076675	test
ecoli50_r002503	minus10	TAACAT	0.16666666666666666	4	0.42	6453.31	3.8097825279702384	train
ecoli50_r002510	minus10	TATAAA	0.0	5	0.42	8352.59	3.921821163902242	test
ecoli50_r002523	minus10	ATTATT	0.0	3	0.26	73.81	1.8681152053272168	test
ecoli50_r002536	minus10	CGCACA	0.6666666666666666	1	0.48	115.17	2.061339366837067	train
ecoli50_r002579	minus10	ACGGTA	0.5	0	0.54	1617.6	3.2088711382469257	train
ecoli50_r002580	minus10	TATTCT	0.16666666666666666	4	0.38	3760.79	3.575279083385846	train
ecoli50_r002582	minus10	TAAGTT	0.16666666666666666	3	0.38	9389.52	3.972643391341768	train
ecoli50_r002583	minus10	TAAGTT	0.16666666666666666	3	0.4	9371.83	3.9718244021259994	test
ecoli50_r002614	minus10	CATTAT	0.16666666666666666	4	0.42	2260.03	3.354114204080137	val
ecoli50_r002618	minus10	ACGCTT	0.5	1	0.34	207.8	2.3176455432211585	train
ecoli50_r002653	minus10	TTATGC	0.3333333333333333	1	0.26	4331.93	3.636681430211049	train
ecoli50_r002656	minus10	GTTAAT	0.16666666666666666	4	0.32	465.39	2.6678170472113947	train
ecoli50_r002664	minus10	CTAGAA	0.3333333333333333	1	0.38	124.39	2.0947854678195585	train
ecoli50_r002688	minus10	ACACTC	0.5	0	0.4	1134.92	3.054965249385483	train
ecoli50_r002715	minus10	TTAAAT	0.0	4	0.3	15.66	1.1947917577219247	test
ecoli50_r002738	minus10	TTATTT	0.0	2	0.18	291.8	2.4650852875574327	train
ecoli50_r002751	minus10	AAACTT	0.16666666666666666	2	0.3	366.82	2.5644530065313664	train
ecoli50_r002753	minus10	TTATGC	0.3333333333333333	1	0.5	1840.1	3.264841425329148	test
ecoli50_r002772	minus10	TTAAAT	0.0	4	0.4	4233.73	3.6267231580648143	train
ecoli50_r002790	minus10	AAAATA	0.0	2	0.44	216.36	2.335176972770027	train
ecoli50_r002834	minus10	ATAGTA	0.16666666666666666	0	0.44	3666.86	3.56429432899847	train
ecoli50_r002841	minus10	CGATAA	0.3333333333333333	1	0.4	7705.54	3.8868030792390655	train
ecoli50_r002843	minus10	TAAGCT	0.3333333333333333	3	0.36	7692.12	3.8860460507785217	val
ecoli50_r002860	minus10	AATAAT	0.0	5	0.42	3096.89	3.4909257797056967	train
ecoli50_r002862	minus10	AATAAT	0.0	5	0.4	19.57	1.291590825658001	train
ecoli50_r002875	minus10	TCTACA	0.3333333333333333	3	0.44	2063.68	3.314642355257248	train
ecoli50_r002884	minus10	TAACCT	0.3333333333333333	3	0.42	8391.81	3.923855642382155	test
ecoli50_r002913	minus10	ATTATC	0.16666666666666666	2	0.46	718.03	2.856142589872209	train
ecoli50_r002935	minus10	ATAATG	0.16666666666666666	1	0.46	408.91	2.611627731468287	test
ecoli50_r002943	minus10	TAATAT	0.0	4	0.56	1710.37	3.2330900703783136	train
ecoli50_r002980	minus10	CATTAA	0.16666666666666666	3	0.3	38.08	1.5806969397124366	train
ecoli50_r003026	minus10	ATAATC	0.16666666666666666	1	0.4	631.6	2.8004421213362565	train
ecoli50_r003067	minus10	TATAAC	0.16666666666666666	5	0.4	3221.78	3.5080958811955227	train
ecoli50_r003072	minus10	TCTATC	0.3333333333333333	3	0.42	111.25	2.046300019652969	train
ecoli50_r003074	minus10	TCTATC	0.3333333333333333	3	0.4	887.31	2.948075376053311	val
ecoli50_r003148	minus10	TATAAT	0.0	6	0.46	1455.24	3.162934623617636	train
ecoli50_r003157	minus10	GTATGC	0.5	0	0.56	247.58	2.393715558601472	train
ecoli50_r003159	minus10	TAGAAT	0.16666666666666666	5	0.56	23589.67	4.372721865506983	train
ecoli50_r003166	minus10	TAGCAT	0.3333333333333333	4	0.46	704.52	2.8478933264252886	val
ecoli50_r003167	minus10	TAGCAT	0.3333333333333333	4	0.42	2548.63	3.406306790894205	val
ecoli50_r003184	minus10	TGAAGA	0.3333333333333333	2	0.4	50.11	1.6999244027424767	val
ecoli50_r003187	minus10	TGAAGA	0.3333333333333333	2	0.42	1146.55	3.0593929986652677	val
ecoli50_r003326	minus10	TATATT	0.0	5	0.38	170.38	2.231418613908303	train
ecoli50_r003329	minus10	TATATT	0.0	5	0.36	4600.97	3.6628494015158433	train
ecoli50_r003369	minus10	GGCTTA	0.5	0	0.44	192.43	2.284272779857725	test
ecoli50_r003371	minus10	ATAAAG	0.16666666666666666	2	0.44	673.5	2.8283376000590046	train
ecoli50_r003372	minus10	CATATC	0.3333333333333333	3	0.52	661.47	2.8205101521820164	train
ecoli50_r003377	minus10	TATAGT	0.16666666666666666	5	0.28	372.83	2.571510850866108	train
ecoli50_r003395	minus10	AAAATA	0.0	2	0.5	3057.95	3.4854303800620365	train
ecoli50_r003396	minus10	TATGAT	0.16666666666666666	5	0.4	972.91	2.988072667286663	train
ecoli50_r003401	minus10	TACTTT	0.16666666666666666	3	0.52	5798.91	3.7633463684815	train
ecoli50_r003408	minus10	TAAAAT	0.0	5	0.22	60.13	1.7790912038454991	train
ecoli50_r003420	minus10	CGTAAA	0.3333333333333333	3	0.48	159.75	2.2034408668304377	train
ecoli50_r003434	minus10	CTAAAA	0.16666666666666666	2	0.5	1126.25	3.0516348039871195	train
ecoli50_r003441	minus10	ATCATC	0.3333333333333333	1	0.44	73.59	1.866818802926048	train
ecoli50_r003457	minus10	ATTAAC	0.16666666666666666	3	0.24	56.47	1.7518177877368792	train
ecoli50_r003461	minus10	AGTAGT	0.3333333333333333	3	0.44	66.48	1.8226910107760543	test
ecoli50_r003477	minus10	TATCAT	0.16666666666666666	5	0.34	1192.65	3.076513012513419	train
ecoli50_r003483	minus10	ACTGTC	0.5	1	0.4	7595.55	3.88055922695677	train
ecoli50_r003484	minus10	ATACAA	0.16666666666666666	1	0.32	285.89	2.456198964659237	train
ecoli50_r003485	minus10	TCCGCA	0.6666666666666666	1	0.36	125.81	2.0997151623510235	train
ecoli50_r003525	minus10	ATCTTG	0.3333333333333333	0	0.5	624.85	2.795775774158736	train
ecoli50_r003571	minus10	AATGCA	0.3333333333333333	2	0.2	192.43	2.284272779857725	train
ecoli50_r003584	minus10	GGAGAA	0.5	1	0.4	10235.66	4.010115851406605	train
ecoli50_r003606	minus10	AGAGTC	0.5	0	0.36	682.71	2.834236264230046	train
ecoli50_r003636	minus10	ATAGTC	0.3333333333333333	0	0.44	1491.65	3.173666932452848	test
ecoli50_r003719	minus10	GAAAAT	0.16666666666666666	4	0.32	1008.13	3.003516538699087	train
ecoli50_r003722	minus10	AATCGA	0.3333333333333333	2	0.34	597.03	2.775996154424361	train
ecoli50_r003726	minus10	GCTAAG	0.5	3	0.5	264960.13	5.423180528187021	train
ecoli50_r003730	minus10	ATGACT	0.3333333333333333	2	0.38	6000.2	3.778165726625105	train
ecoli50_r003736	minus10	ATATTA	0.0	0	0.18	525.17	2.7202999093317946	train
ecoli50_r003777	minus10	GATAAA	0.16666666666666666	4	0.46	631.58	2.8004283689183294	train
ecoli50_r003778	minus10	GATAAA	0.16666666666666666	4	0.46	368.32	2.566225301949698	train
ecoli50_r003790	minus10	GACTGC	0.6666666666666666	1	0.32	90.58	1.9570323163469383	train
ecoli50_r003821	minus10	CCATTC	0.5	0	0.36	491.09	2.6911610907411823	val
ecoli50_r003884	minus10	GTAGTC	0.5	0	0.42	1763.59	3.246397627602044	train
ecoli50_r003907	minus10	ACTTTT	0.16666666666666666	2	0.32	190.59	2.2801001100549243	train
ecoli50_r003946	minus10	ATAAAA	0.0	2	0.3	2053.04	3.3123974109439214	train
ecoli50_r003993	minus10	TTATGC	0.3333333333333333	1	0.6	61.3	1.787460474518415	train
ecoli50_r004003	minus10	TATACT	0.16666666666666666	5	0.38	186.41	2.270469206453198	train
ecoli50_r004004	minus10	ATTATC	0.16666666666666666	2	0.4	150.31	2.176987874800811	train
ecoli50_r004015	minus10	TACTGT	0.3333333333333333	3	0.36	33730.58	4.528023808981489	train
ecoli50_r004016	minus10	TACTGT	0.3333333333333333	3	0.38	33718.55	4.5278688903732665	val
ecoli50_r004017	minus10	TAGAAT	0.16666666666666666	5	0.36	268.24	2.4285235404207635	train
ecoli50_r004023	minus10	CATATT	0.16666666666666666	4	0.42	156.56	2.1946808126499446	train
ecoli50_r004079	minus10	GAATCA	0.3333333333333333	1	0.4	134.19	2.1277201528923197	val
ecoli50_r004084	minus10	CGATAG	0.5	1	0.34	30359.57	4.482295616105205	val
ecoli50_r004156	minus10	TTAACA	0.16666666666666666	2	0.42	345.51	2.53846062155673	train
ecoli50_r004196	minus10	GGTATT	0.3333333333333333	3	0.3	540.56	2.7328439059169187	train
ecoli50_r004206	minus10	GGTAAA	0.3333333333333333	3	0.32	324.72	2.511509038309229	train
ecoli50_r004212	minus10	AGTGGG	0.6666666666666666	1	0.46	268.24	2.4285235404207635	train
ecoli50_r004216	minus10	TAAGCT	0.3333333333333333	3	0.3	82.44	1.9161379831071752	train
ecoli50_r004217	minus10	TAAGCT	0.3333333333333333	3	0.3	877.95	2.9434697831698617	train
ecoli50_r004228	minus10	GTAAAC	0.3333333333333333	2	0.44	626.24	2.796740803977907	train
ecoli50_r004258	minus10	AACATT	0.16666666666666666	3	0.38	834.33	2.9213378597892823	val
ecoli50_r004263	minus10	TAATAA	0.0	3	0.38	1276.17	3.105908531081236	train
ecoli50_r004296	minus10	CTTTCA	0.3333333333333333	1	0.28	7715.17	3.887345499971236	val
ecoli50_r004321	minus10	ATACTA	0.16666666666666666	0	0.48	910.62	2.959337184511873	train
ecoli50_r004334	minus10	ATAAAA	0.0	2	0.28	108.84	2.03678853310772	train
ecoli50_r004355	minus10	TACGCT	0.5	3	0.4	256.2	2.4085791254086675	train
ecoli50_r004373	minus10	ATTCGA	0.3333333333333333	1	0.32	117.42	2.0697420760416447	val
ecoli50_r004400	minus10	TAACGT	0.3333333333333333	3	0.42	39.79	1.5997739391463883	test
ecoli50_r004424	minus10	GTATAC	0.3333333333333333	1	0.4	123.01	2.0899404184986348	train
ecoli50_r004435	minus10	TACTAT	0.16666666666666666	4	0.44	6832.13	3.8345561214024806	train
ecoli50_r004467	minus10	AAAGAT	0.16666666666666666	3	0.34	11140.03	4.046886360390396	train
ecoli50_r004477	minus10	TTATAA	0.0	2	0.28	7793.35	3.891724180878652	train
ecoli50_r004490	minus10	GTAAAC	0.3333333333333333	2	0.38	20678.81	4.315525542869508	test
ecoli50_r004495	minus10	TCAATA	0.16666666666666666	2	0.38	5040.67	3.7024882662002554	train
ecoli50_r004505	minus10	TATAAA	0.0	5	0.4	479.74	2.6810059307966028	train
ecoli50_r004514	minus10	TATGCT	0.3333333333333333	4	0.5	113.53	2.0551106378541464	train
ecoli50_r004528	minus10	TAATCT	0.16666666666666666	3	0.4	672.45	2.827659997921473	train
ecoli50_r004554	minus10	TACACT	0.3333333333333333	4	0.5	761.55	2.8816984224602864	val
ecoli50_r004570	minus10	CAATCT	0.3333333333333333	2	0.46	1699.78	3.230392714926002	train
ecoli50_r004575	minus10	TACCGT	0.5	3	0.46	3704.24	3.568699117129497	train
ecoli50_r004587	minus10	CACATG	0.5	2	0.34	114.25	2.057856208741888	val
ecoli50_r004588	minus10	TAGTCG	0.5	2	0.34	1725.84	3.2370005304649223	train
ecoli50_r004617	minus10	GATAAT	0.16666666666666666	5	0.36	580.78	2.764011652390398	train
ecoli50_r004639	minus10	TTACGG	0.5	1	0.5	436.22	2.639705573417184	train
ecoli50_r004661	minus10	CTAAAA	0.16666666666666666	2	0.32	429.42	2.632882267597586	train
ecoli50_r004719	minus10	ATGTTT	0.16666666666666666	1	0.38	725.7	2.8607571230815423	val
ecoli50_r004721	minus10	CTAAAA	0.16666666666666666	2	0.26	1515.37	3.1805186852075744	val
ecoli50_r004726	minus10	GATGAA	0.3333333333333333	3	0.44	102.17	2.0093233933810133	train
ecoli50_r004743	minus10	ATGTTA	0.16666666666666666	0	0.38	11250.56	4.051174140123556	test
ecoli50_r004756	minus10	TACGAT	0.3333333333333333	4	0.46	1467.27	3.1665100379882625	train
ecoli50_r004777	minus10	GCTGCC	0.8333333333333334	1	0.48	1116.94	3.0480298442268112	train
ecoli50_r004792	minus10	ACTTTT	0.16666666666666666	2	0.48	1238.87	3.0930257363641585	val
ecoli50_r004825	minus10	GTGTAT	0.3333333333333333	2	0.42	98.45	1.993215720474137	test
ecoli50_r004848	minus10	TTATTA	0.0	1	0.54	100.65	2.0028137792246734	train
ecoli50_r004857	minus10	CTATAA	0.16666666666666666	1	0.58	330.65	2.5193685270400006	train
ecoli50_r004909	minus10	ATCATT	0.16666666666666666	2	0.52	3471.36	3.540499654842894	val
ecoli50_r004921	minus10	TACAGT	0.3333333333333333	4	0.6	3036.76	3.482410470286949	train
ecoli50_r004927	minus10	TAATAT	0.0	4	0.26	38.82	1.589055531052344	train
ecoli50_r004944	minus10	AAAACT	0.16666666666666666	3	0.34	156.35	2.194097885578952	train
ecoli50_r004989	minus10	CGATAA	0.3333333333333333	1	0.4	15514.53	4.190738623523261	train
ecoli50_r004994	minus10	CGATAA	0.3333333333333333	1	0.3	26266.46	4.419401545718649	test
ecoli50_r005000	minus10	AATAAT	0.0	5	0.46	464.4	2.666892211066536	train
ecoli50_r005035	minus10	CTAAGG	0.5	1	0.42	905.93	2.957094641619186	train
ecoli50_r005037	minus10	TCATAC	0.3333333333333333	2	0.46	534.99	2.7283456642914943	train
ecoli50_r005057	minus10	CTAAAA	0.16666666666666666	2	0.46	761.62	2.88173834001874	train
ecoli50_r005080	minus10	ATGGCA	0.5	0	0.5	4683.01	3.6705250851662745	train
ecoli50_r005082	minus10	ATGGCA	0.5	0	0.44	379.24	2.578914137904181	train
ecoli50_r005125	minus10	ATATAA	0.0	1	0.24	1627.1	3.211414245077976	train
ecoli50_r005133	minus10	CTCATT	0.3333333333333333	2	0.38	1013.17	3.005682321833722	val
ecoli50_r005134	minus10	AAGATG	0.3333333333333333	2	0.36	168895.73	5.227618669932883	train
ecoli50_r005139	minus10	ATGCGC	0.6666666666666666	0	0.48	68877.71	4.838078699553377	train
ecoli50_r005140	minus10	ATGCGC	0.6666666666666666	0	0.5	71788.19	4.856053003577955	test
ecoli50_r005149	minus10	CTATAC	0.3333333333333333	1	0.3	8056.68	3.906156114420504	train
ecoli50_r005150	minus10	CTATAC	0.3333333333333333	1	0.3	60.39	1.780965029608317	train
ecoli50_r005164	minus10	TCATGA	0.3333333333333333	1	0.26	1959.23	3.2920854221445808	val
ecoli50_r005166	minus10	TCATGA	0.3333333333333333	1	0.28	589.9	2.770778396169148	train
ecoli50_r005206	minus10	ACTCTG	0.5	1	0.46	314.37	2.4974410950769714	train
ecoli50_r005280	minus10	TAAGAC	0.3333333333333333	3	0.42	5034.1	3.701921838351167	train
ecoli50_r005420	minus10	GAAATT	0.16666666666666666	3	0.34	493.1	2.692935002531138	val
ecoli50_r005425	minus10	TTATCA	0.16666666666666666	1	0.38	328.73	2.5168393397370283	train
ecoli50_r005457	minus10	TATAAT	0.0	6	0.42	4911.5	3.69121414838279	train
ecoli50_r005491	minus10	ATGGCA	0.5	0	0.36	444.99	2.6483502514447137	train
ecoli50_r005492	minus10	CTATTC	0.3333333333333333	0	0.34	251.56	2.4006415860565102	train
ecoli50_r005504	minus10	TTATAC	0.16666666666666666	2	0.32	371.52	2.56998219805848	train
ecoli50_r005505	minus10	GATTCA	0.3333333333333333	2	0.46	530.07	2.7243332254617747	train
ecoli50_r005548	minus10	AAAATA	0.0	2	0.48	1144.96	3.0587903145512603	train
ecoli50_r005554	minus10	TTAACA	0.16666666666666666	2	0.36	318.71	2.5033956903224466	val
ecoli50_r005567	minus10	TCGTCA	0.5	1	0.42	401.43	2.6036098254200373	train
ecoli50_r005582	minus10	TATGCT	0.3333333333333333	4	0.44	297.85	2.473997604434864	train
ecoli50_r005616	minus10	AATCTC	0.3333333333333333	2	0.52	8964.78	3.952539636234134	val
ecoli50_r005617	minus10	TAGTCT	0.3333333333333333	3	0.42	27841.97	4.444699961177764	train
ecoli50_r005636	minus10	CTATAC	0.3333333333333333	1	0.46	2272.91	3.356582239386558	train
ecoli50_r005669	minus10	ACATAA	0.16666666666666666	1	0.38	300.67	2.478090097590289	test
ecoli50_r005716	minus10	TATCAT	0.16666666666666666	5	0.28	3650.39	3.562339266045459	train
ecoli50_r005729	minus10	TATACT	0.16666666666666666	5	0.42	3054.8	3.484982781930561	train
ecoli50_r005738	minus10	CTACCT	0.5	1	0.46	330.31	2.5189217219780566	train
ecoli50_r005795	minus10	TAACAT	0.16666666666666666	4	0.38	25963.69	4.414366415121961	train
ecoli50_r005841	minus10	GCTAGT	0.5	3	0.36	261.08	2.416773604023939	val
ecoli50_r005889	minus10	CCCGCC	1.0	0	0.58	92.82	1.9676415640830112	train
ecoli50_r005902	minus10	TATAAA	0.0	5	0.36	823.88	2.915863960322112	train
ecoli50_r005930	minus10	TTATTT	0.0	2	0.38	1342.72	3.1279854578414263	train
ecoli50_r005966	minus10	TTTAAT	0.0	5	0.38	3078.85	3.4883885308131832	train
ecoli50_r005980	minus10	GCACAC	0.6666666666666666	1	0.52	166.26	2.220787776165875	val
ecoli50_r005981	minus10	AATCTC	0.3333333333333333	2	0.48	72.94	1.8629657589777624	train
ecoli50_r006031	minus10	TTAAGA	0.16666666666666666	2	0.34	517.15	2.7136165290200505	test
ecoli50_r006066	minus10	AGTATA	0.16666666666666666	2	0.28	1211.16	3.0832015193008666	train
ecoli50_r006067	minus10	AGTATA	0.16666666666666666	2	0.28	1211.16	3.0832015193008666	train
ecoli50_r006068	minus10	AGTATA	0.16666666666666666	2	0.26	348.78	2.542551573340032	train
ecoli50_r006080	minus10	GATACT	0.3333333333333333	4	0.4	855.49	2.932214937348537	test
ecoli50_r006091	minus10	ATTTAT	0.0	3	0.3	9681.55	3.985944892696665	train
ecoli50_r006092	minus10	ATTTAT	0.0	3	0.3	8238.34	3.915839711519016	val
ecoli50_r006117	minus10	ACTATT	0.16666666666666666	3	0.34	705.59	2.848552417113001	train
ecoli50_r006177	minus10	ATGCCG	0.6666666666666666	0	0.52	142872.71	5.154949282477117	test
ecoli50_r006179	minus10	ATAAAA	0.0	2	0.34	6463.19	3.810446923172971	train
ecoli50_r006197	minus10	ATTATC	0.16666666666666666	2	0.4	198.44	2.297629218364148	train
ecoli50_r006207	minus10	GAACCA	0.5	1	0.32	253.29	2.403618043992883	train
ecoli50_r006220	minus10	AATTTC	0.16666666666666666	2	0.42	208.04	2.3181468451027945	test
ecoli50_r006221	minus10	GGTATG	0.5	2	0.44	1460.69	3.1645580560611446	train
ecoli50_r006222	minus10	TATTCT	0.16666666666666666	4	0.34	1302.9	3.1149110840818914	train
ecoli50_r006227	minus10	ATAATG	0.16666666666666666	1	0.3	791.76	2.89859355725695	train
ecoli50_r006231	minus10	CTCTGG	0.6666666666666666	0	0.52	433.48	2.6369690646957107	test
ecoli50_r006234	minus10	ACCAAC	0.5	2	0.4	756.59	2.8788605968384067	train
ecoli50_r006240	minus10	TACACT	0.3333333333333333	4	0.52	11643.81	4.066095110144926	val
ecoli50_r006259	minus10	TTATCC	0.3333333333333333	1	0.36	24731.14	4.39324413594473	train
ecoli50_r006339	minus10	GTAAGA	0.3333333333333333	1	0.48	332.74	2.5221050122757025	test
ecoli50_r006355	minus10	CCAGAA	0.5	1	0.24	751.67	2.8760272174079264	test
ecoli50_r006358	minus10	CTATGC	0.5	0	0.54	96.6	1.9849771264154932	train
ecoli50_r006376	minus10	TACCAT	0.3333333333333333	4	0.44	4696.01	3.671729013056465	train
ecoli50_r006436	minus10	GCATAG	0.5	1	0.46	594.37	2.7740568808950865	test
ecoli50_r006437	minus10	TCTGCC	0.6666666666666666	2	0.42	597.03	2.775996154424361	train
ecoli50_r006466	minus10	TACTAT	0.16666666666666666	4	0.46	288.64	2.460356515861848	train
ecoli50_r006495	minus10	TAAAAA	0.0	4	0.22	549.43	2.7399123690975578	test
ecoli50_r006553	minus10	TATACT	0.16666666666666666	5	0.48	1007.75	3.003352806825089	train
ecoli50_r006574	minus10	ATGTTG	0.3333333333333333	0	0.34	2140.76	3.3305679813915545	train
ecoli50_r006642	minus10	GACGCA	0.6666666666666666	1	0.4	121.0	2.0827853703164503	test
ecoli50_r006661	minus10	TCTAAC	0.3333333333333333	4	0.36	3239.04	3.510416311292675	train
ecoli50_r006700	minus10	TAAAAT	0.0	5	0.4	1233.95	3.091297562319563	train
ecoli50_r006718	minus10	TATTAT	0.0	5	0.44	10748.38	4.031343012151325	train
ecoli50_r006719	minus10	TAATGC	0.3333333333333333	2	0.44	11396.85	4.0567848323315046	train
ecoli50_r006723	minus10	ATACCA	0.3333333333333333	0	0.44	155.62	2.192065410979292	test
ecoli50_r006727	minus10	ATAACC	0.3333333333333333	1	0.42	148783.16	5.172553778434662	val
ecoli50_r006730	minus10	GATCTA	0.3333333333333333	2	0.48	254.49	2.4056707217213265	train
ecoli50_r006732	minus10	TAATAT	0.0	4	0.42	2086.09	3.3193330412238806	train
ecoli50_r006733	minus10	TAATAT	0.0	4	0.42	2073.08	3.3166160618083653	train
ecoli50_r006738	minus10	GTATGC	0.5	0	0.36	119409.08	5.077037352287168	train
ecoli50_r006754	minus10	TGAAAA	0.16666666666666666	3	0.3	210.44	2.3231282931251216	train
ecoli50_r006786	minus10	TATACT	0.16666666666666666	5	0.34	649.45	2.812545721136587	train
ecoli50_r006823	minus10	GCAGGG	0.8333333333333334	0	0.42	51.47	1.7115541682501696	train
ecoli50_r006843	minus10	ATAGGC	0.5	0	0.36	124.28	2.094401244582937	train
ecoli50_r006845	minus10	ATAGGC	0.5	0	0.4	124.28	2.094401244582937	train
ecoli50_r006920	minus10	CTACAC	0.5	1	0.62	1044.74	3.0190082228732336	train
ecoli50_r006928	minus10	TAGTAT	0.16666666666666666	4	0.3	195.05	2.29014595464781	train
ecoli50_r007006	minus10	GTACAC	0.5	1	0.58	263.78	2.421241863921055	val
ecoli50_r007026	minus10	AAACTG	0.3333333333333333	1	0.58	938.09	2.9722445064263345	train
ecoli50_r007044	minus10	TAATAT	0.0	4	0.3	452.9	2.656002320682957	train
ecoli50_r007053	minus10	CGATAC	0.5	1	0.44	71.8	1.8561244442423004	val
ecoli50_r007149	minus10	AGCAGA	0.5	1	0.36	16884.98	4.227500550556578	train
ecoli50_r007192	minus10	GAGTTC	0.5	1	0.52	320.71	2.5061125017965726	train
ecoli50_r007210	minus10	ATTCTA	0.16666666666666666	1	0.42	127038.76	5.1039362460418864	val
ecoli50_r007215	minus10	CACTTG	0.5	1	0.38	1070.38	3.0295379857275733	test
ecoli50_r007219	minus10	TATTGT	0.16666666666666666	4	0.44	1355.36	3.132054664397104	train
ecoli50_r007277	minus10	TATAAT	0.0	6	0.38	865.93	2.937482785963696	train
ecoli50_r007278	minus10	TATAAT	0.0	6	0.42	745147.58	5.872242295341906	train
ecoli50_r007284	minus10	TATGCT	0.3333333333333333	4	0.42	4116.16	3.61449224795788	val
ecoli50_r007285	minus10	TATGCT	0.3333333333333333	4	0.44	4098.12	3.612584671140532	train
ecoli50_r007344	minus10	CTATTA	0.16666666666666666	0	0.52	598.15	2.7768101070710123	train
ecoli50_r007353	minus10	GTTACA	0.3333333333333333	2	0.34	124.13	2.0938767553900446	train
ecoli50_r007354	minus10	CATATA	0.16666666666666666	3	0.54	1580.82	3.1988824218252154	train
ecoli50_r007404	minus10	CCCTCC	0.8333333333333334	0	0.36	157.69	2.1978041531734096	train
ecoli50_r007406	minus10	CCCTCC	0.8333333333333334	0	0.32	578.84	2.7625585348503083	val
ecoli50_r007413	minus10	TGAAAT	0.16666666666666666	4	0.28	459.62	2.662398918407578	train
ecoli50_r007442	minus10	GCTATG	0.5	2	0.48	4034.71	3.605812324702231	test
ecoli50_r007488	minus10	TTGTTG	0.3333333333333333	1	0.44	40.67	1.6092741724045876	train
ecoli50_r007489	minus10	TTGTTG	0.3333333333333333	1	0.54	50.4	1.7024305364455252	train
ecoli50_r007537	minus10	CATATT	0.16666666666666666	4	0.4	63.74	1.804412059137714	train
ecoli50_r007541	minus10	TACAAT	0.16666666666666666	5	0.4	3128.68	3.4953611459710325	test
ecoli50_r007543	minus10	TACAAT	0.16666666666666666	5	0.42	56.0	1.7481880270062005	train
ecoli50_r007552	minus10	TTACGC	0.5	1	0.42	18204.78	4.260185434966566	train
ecoli50_r007568	minus10	ATGATA	0.16666666666666666	1	0.42	6095.28	3.7849936606782486	test
ecoli50_r007569	minus10	CTAGAG	0.5	1	0.42	34144.0	4.533314397744376	train
ecoli50_r007578	minus10	TAAACC	0.3333333333333333	3	0.36	1153.92	3.0621757007062893	train
ecoli50_r007583	minus10	CAGGAA	0.5	2	0.36	523.9	2.719248398447946	train
ecoli50_r007608	minus10	TATAGT	0.16666666666666666	5	0.34	258.32	2.4121580320091054	train
ecoli50_r007609	minus10	TATAGT	0.16666666666666666	5	0.32	118.89	2.075145327053852	train
ecoli50_r007620	minus10	AGAGAA	0.3333333333333333	1	0.42	85.45	1.931712067056756	train
ecoli50_r007625	minus10	ATAGTT	0.16666666666666666	1	0.4	3441.8	3.5367856302506997	test
ecoli50_r007627	minus10	TATCCT	0.3333333333333333	4	0.44	543.55	2.7352395000788343	train
ecoli50_r007689	minus10	TAGCAT	0.3333333333333333	4	0.48	156.04	2.1932359416397538	train
ecoli50_r007691	minus10	CCTTCC	0.6666666666666666	1	0.44	189.55	2.277723788762453	train
ecoli50_r007706	minus10	AAATTG	0.16666666666666666	1	0.26	4755.46	3.677192533008266	train
ecoli50_r007707	minus10	AAATTG	0.16666666666666666	1	0.28	4747.1	3.6764283804419233	train
ecoli50_r007769	minus10	TATGAT	0.16666666666666666	5	0.46	769.71	2.886327128909236	train
ecoli50_r007783	minus10	AAGGTC	0.5	1	0.36	1955.8	3.29132444179242	val
ecoli50_r007867	minus10	TAGTAT	0.16666666666666666	4	0.54	713.99	2.85369212917781	train
ecoli50_r007877	minus10	CTTAAA	0.16666666666666666	3	0.42	572.97	2.7581318834411457	train
ecoli50_r007915	minus10	ATTCTG	0.3333333333333333	1	0.5	1672.39	3.2233375620368303	val
ecoli50_r007916	minus10	ATTCTG	0.3333333333333333	1	0.5	1672.39	3.2233375620368303	train
ecoli50_r007918	minus10	GAAAGA	0.3333333333333333	2	0.46	331.78	2.5208502028112187	train
ecoli50_r007927	minus10	ACTAAA	0.16666666666666666	3	0.32	120.27	2.080157310970184	train
ecoli50_r007967	minus10	TAAAGT	0.16666666666666666	4	0.32	194847.69	5.289695261418419	test
ecoli50_r007977	minus10	ATACTA	0.16666666666666666	0	0.46	216.68	2.335818826915165	train
ecoli50_r007978	minus10	ATACTA	0.16666666666666666	0	0.48	216.68	2.335818826915165	val
ecoli50_r008012	minus10	AGCAGA	0.5	1	0.44	1875.55	3.273128646431102	train
ecoli50_r008023	minus10	CCGACA	0.6666666666666666	1	0.42	14809.92	4.170552712562236	val
ecoli50_r008029	minus10	CAATAC	0.3333333333333333	2	0.52	288.64	2.460356515861848	train
ecoli50_r008048	minus10	AAATTA	0.0	1	0.56	352.26	2.5468633307613078	train
ecoli50_r008068	minus10	CATACT	0.3333333333333333	4	0.4	38803.6	4.5888720190892505	train
ecoli50_r008112	minus10	GCCCCT	0.8333333333333334	1	0.48	241.57	2.383042999305744	train
ecoli50_r008142	minus10	AGGAAA	0.3333333333333333	2	0.38	44.58	1.6491400641442189	train
ecoli50_r008143	minus10	ATATAA	0.0	1	0.3	268.39	2.4287663303280818	train
ecoli50_r008220	minus10	TGTCTT	0.3333333333333333	3	0.46	140.06	2.146314122011973	train
ecoli50_r008226	minus10	CGTAAT	0.3333333333333333	4	0.36	68.73	1.83714634390906	test
ecoli50_r008229	minus10	CGTAAT	0.3333333333333333	4	0.36	61.3	1.787460474518415	train
ecoli50_r008232	minus10	GGATAA	0.3333333333333333	1	0.46	327.1	2.5146805441249818	train
ecoli50_r008239	minus10	ACTAAA	0.16666666666666666	3	0.38	2095.37	3.321260721703392	val
ecoli50_r008244	minus10	GCAGTA	0.5	0	0.28	243.54	2.386570301700929	train
ecoli50_r008258	minus10	ATAGTC	0.3333333333333333	0	0.5	1798.0	3.25478968739721	train
ecoli50_r008259	minus10	ATAGTC	0.3333333333333333	0	0.5	1822.06	3.260562674085867	train
ecoli50_r008261	minus10	CTACAC	0.5	1	0.5	3133.11	3.4959756427445785	train
ecoli50_r008286	minus10	AGAATT	0.16666666666666666	2	0.38	14350.53	4.156867940918435	train
ecoli50_r008287	minus10	AGAATT	0.16666666666666666	2	0.38	14232.89	4.1532930928895135	train
ecoli50_r008288	minus10	AGAATT	0.16666666666666666	2	0.46	44.58	1.6491400641442189	train
ecoli50_r008292	minus10	AAATGA	0.16666666666666666	1	0.32	127.56	2.1057145105709214	test
ecoli50_r008310	minus10	ACCGAC	0.6666666666666666	1	0.46	218.75	2.3399480616943507	train
ecoli50_r008318	minus10	ATGAAC	0.3333333333333333	2	0.46	202.47	2.3063606828610514	train
ecoli50_r008323	minus10	TTGGGA	0.5	1	0.44	2020.07	3.305366418994645	val
ecoli50_r008324	minus10	GTAGAA	0.3333333333333333	1	0.46	811.81	2.9094543967202053	val
ecoli50_r008369	minus10	AATATG	0.16666666666666666	3	0.46	1204.19	3.0806950163582147	train
ecoli50_r008386	minus10	ATACGG	0.5	0	0.48	114.35	2.0582361689427677	test
ecoli50_r008390	minus10	GGGAAG	0.6666666666666666	2	0.42	140.9	2.1489109931093564	train
ecoli50_r008391	minus10	GGGAAG	0.6666666666666666	2	0.46	3616.75	3.558318490134899	train
ecoli50_r008422	minus10	TAAGTT	0.16666666666666666	3	0.4	5227.29	3.7182765945890615	train
ecoli50_r008506	minus10	TATAGT	0.16666666666666666	5	0.42	7482.16	3.874026991001205	val
ecoli50_r008510	minus10	TAACAT	0.16666666666666666	4	0.34	403.1	2.605412798153051	val
ecoli50_r008517	minus10	TTAAGG	0.3333333333333333	2	0.46	3551.29	3.5503861384399515	train
ecoli50_r008522	minus10	CACAAT	0.3333333333333333	4	0.34	2373.28	3.375348979380976	train
ecoli50_r008537	minus10	GTTATG	0.3333333333333333	2	0.24	186.41	2.270469206453198	train
ecoli50_r008602	minus10	AATATA	0.0	3	0.44	1069.98	3.0293756599554755	val
ecoli50_r008681	minus10	TACACT	0.3333333333333333	4	0.48	1482.4	3.170965406310841	train
ecoli50_r008716	minus10	CAAAGC	0.5	2	0.42	1126.48	3.051723485481293	test
ecoli50_r008726	minus10	GTATAA	0.16666666666666666	1	0.44	8785.52	3.943767471744475	val
ecoli50_r008790	minus10	AAAATT	0.0	3	0.36	155.13	2.190695792491732	test
ecoli50_r008808	minus10	ATGATA	0.16666666666666666	1	0.28	208.24	2.3185641551011797	train
ecoli50_r008810	minus10	ATGATA	0.16666666666666666	1	0.3	274.85	2.4390957413017493	train
ecoli50_r008838	minus10	TATTTT	0.0	4	0.32	106.57	2.027634965777544	test
ecoli50_r008841	minus10	TAGAAT	0.16666666666666666	5	0.38	468.94	2.671117279099181	train
ecoli50_r008884	minus10	AATTTA	0.0	2	0.46	466.22	2.668590900036833	train
ecoli50_r008926	minus10	GAAGTA	0.3333333333333333	1	0.4	75.65	1.8788089323592057	train
ecoli50_r009014	minus10	GACCTT	0.5	2	0.42	27449.42	4.438533172339455	train
ecoli50_r009016	minus10	TTCGTT	0.3333333333333333	2	0.38	108.24	2.0343877835895667	train
ecoli50_r009040	minus10	AACTTC	0.3333333333333333	1	0.52	298.86	2.475467792116027	train
ecoli50_r009042	minus10	TCAATG	0.3333333333333333	2	0.4	92.26	1.965013450272248	train
ecoli50_r009071	minus10	CTAAGA	0.3333333333333333	1	0.48	1010.68	3.0046136716812133	train
ecoli50_r009073	minus10	TAGTGT	0.3333333333333333	3	0.34	268.4	2.4287825114969546	train
ecoli50_r009074	minus10	TAGTGT	0.3333333333333333	3	0.4	268.4	2.4287825114969546	train
ecoli50_r009102	minus10	GTAAAC	0.3333333333333333	2	0.36	4725.31	3.674430305305199	train
ecoli50_r009119	minus10	ATATTA	0.0	0	0.26	1250.78	3.097180928247997	val
ecoli50_r009127	minus10	CTGATA	0.3333333333333333	1	0.36	2002.49	3.3015703559894023	val
ecoli50_r009135	minus10	GCTAAA	0.3333333333333333	3	0.34	708.99	2.850640109688784	train
ecoli50_r009149	minus10	TAAACT	0.16666666666666666	4	0.5	297.22	2.473078029844237	test
ecoli50_r009183	minus10	TGACGA	0.5	1	0.34	117.01	2.0682229793464493	test
ecoli50_r009186	minus10	GTTACT	0.3333333333333333	3	0.32	21907.48	4.3405924238848845	train
ecoli50_r009231	minus10	CTGCGT	0.6666666666666666	1	0.52	144.42	2.1596273406586737	train
ecoli50_r009235	minus10	TATGAT	0.16666666666666666	5	0.4	1998.85	3.300780204515047	train
ecoli50_r009236	minus10	TATGAT	0.16666666666666666	5	0.38	1998.85	3.300780204515047	train
ecoli50_r009239	minus10	AGTATT	0.16666666666666666	3	0.38	49207.53	4.692031565922266	train
ecoli50_r009265	minus10	TATAAC	0.16666666666666666	5	0.32	2880.41	3.4594543100037867	test
ecoli50_r009269	minus10	TAATGT	0.16666666666666666	3	0.3	186.41	2.270469206453198	train
ecoli50_r009315	minus10	ATGATG	0.3333333333333333	1	0.34	766.33	2.8844158274873006	train
ecoli50_r009331	minus10	CGTAAT	0.3333333333333333	4	0.34	96.21	1.9832202146481028	train
ecoli50_r009354	minus10	TAGCAT	0.3333333333333333	4	0.54	126.32	2.1014721170002377	val
ecoli50_r009368	minus10	GATAAG	0.3333333333333333	4	0.26	3776.6	3.577100988801015	train
ecoli50_r009370	minus10	GATAAG	0.3333333333333333	4	0.28	521.16	2.716971075409854	train
ecoli50_r009409	minus10	GTCTAC	0.5	1	0.48	2078.63	3.317777190986629	train
ecoli50_r009429	minus10	TAAGGT	0.3333333333333333	3	0.44	475.55	2.6771961860105447	train
ecoli50_r009504	minus10	TATTGT	0.16666666666666666	4	0.46	357.24	2.552960080694349	test
ecoli50_r009506	minus10	TATTGT	0.16666666666666666	4	0.44	824.77	2.9163328556321426	train
ecoli50_r009510	minus10	TCTGGC	0.6666666666666666	2	0.56	5270.48	3.72185016964488	train
ecoli50_r009558	minus10	AATTTA	0.0	2	0.36	232.76	2.366908348521373	test
ecoli50_r009601	minus10	GTATAC	0.3333333333333333	1	0.56	333.75	2.523421274372632	train
ecoli50_r009602	minus10	TATATT	0.0	5	0.5	288.64	2.460356515861848	val
ecoli50_r009612	minus10	TAATAT	0.0	4	0.44	856.5	2.932727367301529	train
ecoli50_r009619	minus10	TGCACC	0.6666666666666666	2	0.44	81.12	1.9091279419892608	train
ecoli50_r009621	minus10	ATGATT	0.16666666666666666	2	0.44	1467.5	3.166578109919652	train
ecoli50_r009654	minus10	AGAATC	0.3333333333333333	1	0.42	192.43	2.284272779857725	train
ecoli50_r009673	minus10	AATCGC	0.5	2	0.4	925.09	2.966183986362805	train
ecoli50_r009687	minus10	ATACTC	0.3333333333333333	0	0.44	1088.42	3.036796513454868	val
ecoli50_r009720	minus10	GAGAAT	0.3333333333333333	4	0.38	192.43	2.284272779857725	train
ecoli50_r009775	minus10	CTGTGC	0.6666666666666666	0	0.32	28093.55	4.448606621650723	train
ecoli50_r009780	minus10	ACATTC	0.3333333333333333	0	0.42	1282.98	3.1082198863380315	test
ecoli50_r009781	minus10	ACATTC	0.3333333333333333	0	0.44	1297.84	3.11322115517608	val
ecoli50_r009856	minus10	ACGTTC	0.5	0	0.42	1799.4	3.255127716143171	val
ecoli50_r009881	minus10	ACTCTT	0.3333333333333333	2	0.38	2104.68	3.323186074139078	train
ecoli50_r009882	minus10	ACTCTT	0.3333333333333333	2	0.38	2104.68	3.323186074139078	train
ecoli50_r009917	minus10	TATTTT	0.0	4	0.32	5047.1	3.703041909651052	train
ecoli50_r009922	minus10	TCATGT	0.3333333333333333	2	0.52	28.81	1.4595432582804129	val
ecoli50_r009940	minus10	TCAGGC	0.6666666666666666	1	0.48	239.6	2.3794868137172736	train
ecoli50_r009971	minus10	CAATAC	0.3333333333333333	2	0.5	2028.5	3.307175012040345	train
ecoli50_r009976	minus10	AAAGCG	0.5	1	0.46	146.27	2.1651552613920657	val
ecoli50_r009980	minus10	GACTAT	0.3333333333333333	3	0.42	1119.26	3.048930983265818	train
ecoli50_r009981	minus10	GACTAT	0.3333333333333333	3	0.42	1119.26	3.048930983265818	train
ecoli50_r009982	minus10	GACTAT	0.3333333333333333	3	0.48	318.71	2.5033956903224466	train
ecoli50_r009995	minus10	ATTAAT	0.0	4	0.42	897.81	2.953184438357495	train
ecoli50_r010021	minus10	GATGGT	0.5	3	0.44	60.95	1.7849737099544007	val
ecoli50_r010030	minus10	ATAAAA	0.0	2	0.14	67.15	1.8270460170047345	train
ecoli50_r010031	minus10	AGAAAA	0.16666666666666666	2	0.36	48.11	1.682235356902564	val
ecoli50_r010046	minus10	TATAGT	0.16666666666666666	5	0.28	3477.96	3.5413245828768223	val
ecoli50_r010047	minus10	TATAGT	0.16666666666666666	5	0.28	205.14	2.3120503511802384	train
ecoli50_r010049	minus10	TGCATA	0.3333333333333333	2	0.42	76.63	1.8843988255566864	train
ecoli50_r010076	minus10	GAATAT	0.16666666666666666	3	0.36	3746.34	3.5736071893294428	val
ecoli50_r010081	minus10	TTTTGC	0.3333333333333333	2	0.42	1266.82	3.1027149112053	train
ecoli50_r010114	minus10	TTTAAT	0.0	5	0.38	6596.34	3.819303032709034	train
ecoli50_r010115	minus10	ATTATC	0.16666666666666666	2	0.5	53278.22	4.726549706832455	train
ecoli50_r010126	minus10	TAATAA	0.0	3	0.38	35602.78	4.551483910656068	test
ecoli50_r010150	minus10	TATACT	0.16666666666666666	5	0.6	270.41	2.4320227481590773	train
ecoli50_r010321	minus10	AAAGTA	0.16666666666666666	1	0.44	48485.92	4.685615640580032	train
ecoli50_r010325	minus10	TAAACT	0.16666666666666666	4	0.42	1712.71	3.233683833448971	test
ecoli50_r010340	minus10	CTTTAT	0.16666666666666666	3	0.34	100.8	2.0034605321095063	train
ecoli50_r010344	minus10	GTACAA	0.3333333333333333	1	0.4	200.62	2.3023742260755826	train
ecoli50_r010373	minus10	ATTAAA	0.0	3	0.32	60.05	1.7785130117389247	val
ecoli50_r010378	minus10	TACAGT	0.3333333333333333	4	0.44	2047.08	3.311134815246606	train
ecoli50_r010450	minus10	AGATGA	0.3333333333333333	0	0.46	419.31	2.622535219887546	train
ecoli50_r010498	minus10	CCCCCC	1.0	0	0.58	2293.1	3.3604229943292485	val
ecoli50_r010499	minus10	CCCCCC	1.0	0	0.58	2293.1	3.3604229943292485	train
ecoli50_r010500	minus10	GTTTGT	0.3333333333333333	2	0.42	203.44	2.3084363471676523	test
ecoli50_r010511	minus10	TCTGTA	0.3333333333333333	2	0.42	1193.84	3.076946125978213	train
ecoli50_r010520	minus10	TACTCT	0.3333333333333333	3	0.42	77.26	1.8879547038088016	train
ecoli50_r010537	minus10	CTAACG	0.5	1	0.36	1897.41	3.278161185131232	val
ecoli50_r010577	minus10	ATATCC	0.3333333333333333	0	0.3	186.41	2.270469206453198	test
ecoli50_r010591	minus10	GTATCA	0.3333333333333333	0	0.32	84.19	1.9252605095194355	train
ecoli50_r010592	minus10	GGTTAT	0.3333333333333333	3	0.46	90.58	1.9570323163469383	train
ecoli50_r010597	minus10	TAATTG	0.16666666666666666	2	0.38	36.9	1.5670263661590604	test
ecoli50_r010598	minus10	ATTCTA	0.16666666666666666	1	0.38	763.38	2.882740777563016	train
ecoli50_r010606	minus10	GTATAA	0.16666666666666666	1	0.34	180.84	2.2572944983622567	train
ecoli50_r010624	minus10	TAGCAT	0.3333333333333333	4	0.44	1038.97	3.0166030075932144	train
ecoli50_r010641	minus10	TAATGC	0.3333333333333333	2	0.42	1593.28	3.2022921045953656	val
ecoli50_r010643	minus10	TATTAT	0.0	5	0.42	10758.51	4.031752127874428	train
ecoli50_r010650	minus10	TAAACT	0.16666666666666666	4	0.5	730.66	2.8637153325336984	val
ecoli50_r010719	minus10	GTAATT	0.16666666666666666	2	0.44	820796.7	5.914235601697235	train
ecoli50_r010721	minus10	GTACGA	0.5	0	0.38	304.68	2.483843946921347	val
ecoli50_r010731	minus10	TACACT	0.3333333333333333	4	0.54	315.96	2.499632105153693	val
ecoli50_r010788	minus10	CCAGTA	0.5	0	0.48	551.71	2.74171085581828	train
ecoli50_r010798	minus10	TAGCAT	0.3333333333333333	4	0.52	302.39	2.4805674250016936	train
ecoli50_r010809	minus10	CTACAA	0.3333333333333333	1	0.4	197.48	2.2955231185474934	train
ecoli50_r010810	minus10	CTACAA	0.3333333333333333	1	0.44	1768.98	3.247722922825642	val
ecoli50_r010876	minus10	GTAAAG	0.3333333333333333	2	0.42	2474.91	3.393559410455829	train
ecoli50_r010879	minus10	ATCATT	0.16666666666666666	2	0.34	266.71	2.426039299392168	train
ecoli50_r010883	minus10	AATGCC	0.5	2	0.3	18.45	1.2659963704950792	test
ecoli50_r010916	minus10	GTGTCA	0.5	0	0.32	1679.27	3.2251205294214755	train
ecoli50_r010923	minus10	GTAAGA	0.3333333333333333	1	0.28	579.05	2.762716065949462	val
ecoli50_r010933	minus10	CGCCGG	1.0	0	0.46	438.98	2.642444734165811	train
ecoli50_r010934	minus10	CGCCGG	1.0	0	0.46	414.92	2.617964369223516	train
ecoli50_r010954	minus10	TATTAT	0.0	5	0.36	1768.44	3.247590329567251	train
ecoli50_r010965	minus10	ATCATA	0.16666666666666666	1	0.44	368.62	2.566578894784306	train
ecoli50_r011023	minus10	TAGGGT	0.5	3	0.34	855.19	2.932062613891308	test
ecoli50_r011043	minus10	CATAAT	0.16666666666666666	5	0.56	7573.91	3.879320140138438	train
ecoli50_r011069	minus10	GTATTT	0.16666666666666666	1	0.3	1638.44	3.2144305420589334	val
ecoli50_r011076	minus10	GCATCT	0.5	1	0.36	1635.64	3.2136877227962497	train
ecoli50_r011115	minus10	ACGTGC	0.6666666666666666	0	0.42	186.41	2.270469206453198	train
ecoli50_r011126	minus10	AATATA	0.0	3	0.32	2428.91	3.385411422904138	train
ecoli50_r011140	minus10	TAAGAT	0.16666666666666666	4	0.36	1373.8	3.1379235120404148	train
ecoli50_r011148	minus10	TACAAT	0.16666666666666666	5	0.44	14078.96	4.148570575051629	train
ecoli50_r011184	minus10	CTATTT	0.16666666666666666	1	0.42	607.35	2.783439035824095	train
ecoli50_r011205	minus10	TATGAT	0.16666666666666666	5	0.52	1341.94	3.1277330983579787	test
ecoli50_r011209	minus10	AGGCTA	0.5	0	0.42	3377.12	3.5285464927976573	train
ecoli50_r011281	minus10	ATGCTG	0.5	0	0.52	219.35	2.341137638740964	train
ecoli50_r011291	minus10	AAAATA	0.0	2	0.3	140.9	2.1489109931093564	train
ecoli50_r011308	minus10	TATACT	0.16666666666666666	5	0.38	4473.74	3.650670740635351	test
ecoli50_r011316	minus10	GCTATA	0.3333333333333333	2	0.44	493.1	2.692935002531138	train
ecoli50_r011338	minus10	GTAAAA	0.16666666666666666	2	0.42	2520.05	3.4014091576500656	train
ecoli50_r011378	minus10	GTTTAA	0.16666666666666666	2	0.38	50.77	1.705607163404605	train
ecoli50_r011418	minus10	ATTAAA	0.0	3	0.34	739.65	2.869026261586819	train
ecoli50_r011429	minus10	TTCCTT	0.3333333333333333	2	0.44	243.35	2.3862313505795254	val
ecoli50_r011430	minus10	CATTTA	0.16666666666666666	2	0.36	115.81	2.0637460616134438	train
ecoli50_r011463	minus10	TTAAAT	0.0	4	0.36	248.92	2.3960597923124327	test
ecoli50_r011548	minus10	ATAAAA	0.0	2	0.3	1464.26	3.165618198675746	test
ecoli50_r011549	minus10	TCTGCA	0.5	2	0.3	47.54	1.6770591773921617	train
ecoli50_r011664	minus10	CGTAGA	0.5	2	0.58	339.54	2.530890944318972	test
ecoli50_r011667	minus10	TTATTG	0.16666666666666666	1	0.4	201.29	2.303822199862847	train
ecoli50_r011712	minus10	TAGAGT	0.3333333333333333	4	0.44	68.11	1.8332108802826088	train
ecoli50_r011775	minus10	TACTAT	0.16666666666666666	4	0.48	895.75	2.952186816838148	train
ecoli50_r011776	minus10	ATAAAA	0.0	2	0.5	667.49	2.824444763703503	train
ecoli50_r011813	minus10	GCGTTA	0.5	0	0.4	455.57	2.6585551173749464	val
ecoli50_r011842	minus10	GTAGCC	0.6666666666666666	0	0.42	719.32	2.856922135608565	train
ecoli50_r011865	minus10	TATTAT	0.0	5	0.26	24734.86	4.393309456588232	train
ecoli50_r011878	minus10	TGCTAC	0.5	2	0.3	5170.94	3.713569498549465	train
ecoli50_r000028	minus35	GTCTGT	0.5	1	0.48	1289.44	3.110401138428078	test
ecoli50_r000078	minus35	TGTTAG	0.3333333333333333	1	0.4	469.04	2.671209881176741	train
ecoli50_r000087	minus35	TTCACT	0.3333333333333333	4	0.38	1090.33	3.037557961691636	test
ecoli50_r000091	minus35	TTGACT	0.3333333333333333	5	0.5	3980.86	3.5999769044626238	train
ecoli50_r000126	minus35	ACCACG	0.6666666666666666	2	0.56	977.38	2.9900634478715	train
ecoli50_r000188	minus35	TTGCTG	0.5	3	0.46	17851.54	4.251675687375552	train
ecoli50_r000254	minus35	GCGTCG	0.8333333333333334	2	0.52	2261.17	3.354333214838282	train
ecoli50_r000258	minus35	GGGTTT	0.5	1	0.4	3284.24	3.5164348862266874	test
ecoli50_r000262	minus35	CTGTGG	0.6666666666666666	2	0.4	9429.18	3.974473926357731	val
ecoli50_r000297	minus35	TCTTGA	0.3333333333333333	2	0.42	38.08	1.5806969397124366	train
ecoli50_r000301	minus35	TGGACA	0.5	5	0.32	6458.38	3.810123594575217	test
ecoli50_r000302	minus35	TGGACA	0.5	5	0.36	6398.24	3.806060526576593	train
ecoli50_r000314	minus35	TTATCA	0.16666666666666666	4	0.4	110.53	2.043480170022551	val
ecoli50_r000391	minus35	ATAATA	0.0	3	0.22	42.72	1.6306312440205	train
ecoli50_r000402	minus35	ATCCGG	0.6666666666666666	1	0.38	2495.38	3.397136689974174	train
ecoli50_r000407	minus35	AACAGG	0.5	1	0.46	343.66	2.536128985758921	train
ecoli50_r000446	minus35	GGTTTG	0.5	0	0.52	380.29	2.5801149054749035	val
ecoli50_r000463	minus35	CAGGTA	0.5	2	0.32	4685.32	3.670739257868032	train
ecoli50_r000478	minus35	ACAGCA	0.5	2	0.4	22.29	1.3481100684802376	train
ecoli50_r000490	minus35	ACTTCC	0.5	1	0.5	228.51	2.358905210313047	val
ecoli50_r000492	minus35	TACCCG	0.6666666666666666	2	0.38	990.2	2.995722921995465	test
ecoli50_r000537	minus35	TCAACG	0.5	3	0.48	128.17	2.107786384315953	test
ecoli50_r000550	minus35	CTGATA	0.3333333333333333	4	0.48	9447.27	3.975306327533033	train
ecoli50_r000567	minus35	GACATT	0.3333333333333333	1	0.36	279.41	2.4462419453254136	val
ecoli50_r000574	minus35	CTGGTA	0.5	3	0.36	396.88	2.598659214028129	train
ecoli50_r000596	minus35	ATTGCT	0.3333333333333333	2	0.34	12653.31	4.1022041481756935	train
ecoli50_r000621	minus35	AAGGTT	0.3333333333333333	1	0.54	146.75	2.166578109919652	train
ecoli50_r000622	minus35	TTCTAC	0.3333333333333333	2	0.42	983.56	2.9928008582808783	train
ecoli50_r000624	minus35	CGAAGG	0.6666666666666666	1	0.48	12972.58	4.113026357605656	test
ecoli50_r000675	minus35	ACATAT	0.16666666666666666	0	0.4	326.26	2.5135638318505884	train
ecoli50_r000689	minus35	CAACCG	0.6666666666666666	1	0.54	2236.55	3.3495786116440964	val
ecoli50_r000734	minus35	GTGATG	0.5	3	0.42	424.09	2.6274580319597765	test
ecoli50_r000743	minus35	ACCTCT	0.5	1	0.48	336.75	2.5273076043950238	test
ecoli50_r000770	minus35	ATTCCT	0.3333333333333333	2	0.48	416.93	2.620063145703664	val
ecoli50_r000843	minus35	AAATGT	0.16666666666666666	0	0.36	226.63	2.3553173987845595	test
ecoli50_r000844	minus35	TTGATA	0.16666666666666666	5	0.3	42.09	1.6241789257480224	val
ecoli50_r000848	minus35	GCATTT	0.3333333333333333	0	0.26	1593.56	3.2023684199769007	train
ecoli50_r000859	minus35	TGGACG	0.6666666666666666	4	0.28	2076.97	3.3174302235796094	train
ecoli50_r000916	minus35	TTACCT	0.3333333333333333	3	0.4	186.49	2.270655548952985	val
ecoli50_r000981	minus35	AAACAT	0.16666666666666666	0	0.48	527.58	2.7222883235417417	train
ecoli50_r001013	minus35	GATTGT	0.3333333333333333	0	0.36	54.12	1.7333577879255853	train
ecoli50_r001014	minus35	GATTGT	0.3333333333333333	0	0.32	347.8	2.5413295776666938	train
ecoli50_r001031	minus35	CATTCT	0.3333333333333333	1	0.24	335.49	2.5256795796181444	train
ecoli50_r001055	minus35	TGGCCT	0.6666666666666666	3	0.5	1307.75	3.1165247286994737	train
ecoli50_r001090	minus35	TTGCAG	0.5	3	0.62	201.86	2.3050502689172228	train
ecoli50_r001117	minus35	AACATC	0.3333333333333333	1	0.46	47.16	1.6735737964230517	train
ecoli50_r001119	minus35	TTTGTT	0.16666666666666666	2	0.4	1187.62	3.074677502679902	test
ecoli50_r001150	minus35	TTGTGC	0.5	3	0.46	606.93	2.783138604803781	train
ecoli50_r001151	minus35	TTGTGC	0.5	3	0.44	116.47	2.066214075471244	test
ecoli50_r001165	minus35	TTTACA	0.16666666666666666	5	0.36	15529.94	4.191169777832921	train
ecoli50_r001166	minus35	TTTACA	0.16666666666666666	5	0.36	269.35	2.4303169798819737	train
ecoli50_r001171	minus35	GCCTGT	0.6666666666666666	0	0.38	165.95	2.2199772567446225	train
ecoli50_r001182	minus35	AACCGT	0.5	0	0.46	502.63	2.701248406352915	train
ecoli50_r001188	minus35	AGGGGG	0.8333333333333334	1	0.34	66.54	1.823082796532804	train
ecoli50_r001189	minus35	AGGGGG	0.8333333333333334	1	0.4	1448.46	3.1609065064302606	test
ecoli50_r001196	minus35	TGCCAG	0.6666666666666666	1	0.48	2022.31	3.305847729380622	test
ecoli50_r001197	minus35	AGAGAA	0.3333333333333333	1	0.28	61.17	1.7865384804978024	test
ecoli50_r001199	minus35	GGCTGA	0.6666666666666666	1	0.5	2696.62	3.4308197512246785	train
ecoli50_r001200	minus35	GGCTGA	0.6666666666666666	1	0.54	2698.47	3.4311175941978305	train
ecoli50_r001203	minus35	TGAAGC	0.5	2	0.4	847.09	2.927929554872506	train
ecoli50_r001214	minus35	ATTACT	0.16666666666666666	3	0.32	137.46	2.1381763395730413	train
ecoli50_r001255	minus35	TTTATG	0.16666666666666666	3	0.34	2988.9	3.47551138503771	test
ecoli50_r001274	minus35	GTGGAT	0.5	2	0.44	518.32	2.71459796693727	train
ecoli50_r001295	minus35	CGCCGT	0.8333333333333334	0	0.58	1121.99	3.049988986185586	train
ecoli50_r001310	minus35	GGTGGA	0.6666666666666666	1	0.48	218.11	2.3386755777532025	train
ecoli50_r001340	minus35	TTCCCC	0.6666666666666666	3	0.38	442.25	2.6456678415817607	train
ecoli50_r001346	minus35	TGAGTT	0.3333333333333333	1	0.52	465.34	2.667770385506892	train
ecoli50_r001369	minus35	TTTCCA	0.3333333333333333	4	0.3	98.83	1.9948887953649104	train
ecoli50_r001441	minus35	ATGTTA	0.16666666666666666	3	0.26	192.43	2.284272779857725	train
ecoli50_r001452	minus35	GAAATA	0.16666666666666666	2	0.26	10174.65	4.007519478763791	val
ecoli50_r001480	minus35	TCATTA	0.16666666666666666	2	0.26	1378.28	3.139337454220533	val
ecoli50_r001512	minus35	ATTGCC	0.5	2	0.5	215.41	2.3332658607261734	train
ecoli50_r001513	minus35	ATTGCC	0.5	2	0.42	215.41	2.3332658607261734	train
ecoli50_r001531	minus35	TTGCGA	0.5	4	0.5	50.77	1.705607163404605	val
ecoli50_r001543	minus35	TTACCA	0.3333333333333333	4	0.46	296.48	2.4719954019748225	train
ecoli50_r001578	minus35	ATTGTA	0.16666666666666666	2	0.28	13620.32	4.134187311145169	train
ecoli50_r001616	minus35	TCATGA	0.3333333333333333	2	0.28	112.25	2.0501863496753607	test
ecoli50_r001617	minus35	CGGGCG	1.0	2	0.46	238.74	2.377925189530032	train
ecoli50_r001679	minus35	GATGCC	0.6666666666666666	1	0.54	222.91	2.348129551869214	test
ecoli50_r001683	minus35	GTTTAT	0.16666666666666666	1	0.34	2095.59	3.321306317359808	val
ecoli50_r001703	minus35	TGATGC	0.5	1	0.4	89.69	1.9527440240148983	train
ecoli50_r001705	minus35	GCAAGG	0.6666666666666666	1	0.38	13893.47	4.142810727641427	train
ecoli50_r001719	minus35	TTATTT	0.0	2	0.28	48.11	1.682235356902564	train
ecoli50_r001778	minus35	GTTCAT	0.3333333333333333	1	0.36	873.84	2.9414319206455497	val
ecoli50_r001779	minus35	GTTCAT	0.3333333333333333	1	0.38	873.84	2.9414319206455497	test
ecoli50_r001800	minus35	GTTGTC	0.5	1	0.42	1411.78	3.149767025164735	train
ecoli50_r001811	minus35	TTTCAT	0.16666666666666666	2	0.44	2516.43	3.400784854051037	train
ecoli50_r001812	minus35	TTTCAT	0.16666666666666666	2	0.4	2516.43	3.400784854051037	train
ecoli50_r001813	minus35	TTGTAA	0.16666666666666666	4	0.36	3710.26	3.5694043442805	test
ecoli50_r001867	minus35	ACAAAT	0.16666666666666666	1	0.34	306.35	2.486217884667973	train
ecoli50_r001880	minus35	ACGTAA	0.3333333333333333	2	0.44	162.36	2.210479042645248	test
ecoli50_r001882	minus35	TCGACG	0.6666666666666666	4	0.46	504.91	2.703213972204323	val
ecoli50_r001939	minus35	CTCGAT	0.5	1	0.36	761.7	2.881783955593385	train
ecoli50_r001940	minus35	AACCTG	0.5	0	0.34	3525.07	3.5471677455293715	test
ecoli50_r001991	minus35	TGTCGC	0.6666666666666666	1	0.4	186.41	2.270469206453198	train
ecoli50_r002005	minus35	CACTTT	0.3333333333333333	0	0.32	1409.32	3.149009615150009	train
ecoli50_r002006	minus35	CACTTT	0.3333333333333333	0	0.34	1407.64	3.1484915994053058	val
ecoli50_r002136	minus35	TTATTT	0.0	2	0.36	144.89	2.161038412422962	train
ecoli50_r002156	minus35	TAGCTA	0.3333333333333333	3	0.3	13478.09	4.12962835204851	train
ecoli50_r002219	minus35	GTGACT	0.5	4	0.48	243.16	2.385892134712404	train
ecoli50_r002220	minus35	GTGACT	0.5	4	0.52	222.53	2.3473885679290296	train
ecoli50_r002261	minus35	CGTGCA	0.6666666666666666	2	0.5	709.6	2.85101360682367	test
ecoli50_r002274	minus35	ATCGCT	0.5	2	0.34	1148.15	3.0599986301496918	train
ecoli50_r002275	minus35	AAAAGC	0.3333333333333333	1	0.36	2560.9	3.4083926201333603	val
ecoli50_r002276	minus35	ATCGCT	0.5	2	0.36	1323.99	3.1218847049214906	train
ecoli50_r002326	minus35	GTTTGT	0.3333333333333333	1	0.3	4161.26	3.619224851826989	train
ecoli50_r002330	minus35	CGTTGC	0.6666666666666666	0	0.48	11476.99	4.059828003236634	train
ecoli50_r002348	minus35	TTGACA	0.3333333333333333	6	0.4	661.47	2.8205101521820164	val
ecoli50_r002363	minus35	CCATAA	0.3333333333333333	1	0.42	2575.13	3.410799158370428	train
ecoli50_r002364	minus35	ATAATT	0.0	2	0.34	2940.55	3.468428568379947	train
ecoli50_r002399	minus35	AATTTC	0.16666666666666666	0	0.28	1627.62	3.211553017772715	val
ecoli50_r002400	minus35	AATTTC	0.16666666666666666	0	0.34	1627.62	3.211553017772715	test
ecoli50_r002424	minus35	GTTGCA	0.5	3	0.5	4211.18	3.624403805024167	train
ecoli50_r002455	minus35	ACCCCG	0.8333333333333334	1	0.44	969.55	2.98657021069597	val
ecoli50_r002456	minus35	ACCCCG	0.8333333333333334	1	0.42	969.55	2.98657021069597	test
ecoli50_r002493	minus35	TGGAAT	0.3333333333333333	3	0.36	407.33	2.6099463972076675	test
ecoli50_r002503	minus35	CTTGTC	0.5	1	0.42	6453.31	3.8097825279702384	train
ecoli50_r002510	minus35	CGATGG	0.6666666666666666	0	0.42	8352.59	3.921821163902242	test
ecoli50_r002523	minus35	ATGCTT	0.3333333333333333	2	0.26	73.81	1.8681152053272168	test
ecoli50_r002536	minus35	TCAATT	0.16666666666666666	2	0.48	115.17	2.061339366837067	train
ecoli50_r002571	minus35	CAGTTA	0.3333333333333333	2	0.44	19430.91	4.288493140215021	train
ecoli50_r002579	minus35	CTACGT	0.5	1	0.54	1617.6	3.2088711382469257	train
ecoli50_r002580	minus35	TCTTCA	0.3333333333333333	3	0.38	3760.79	3.575279083385846	train
ecoli50_r002583	minus35	ATGCCT	0.5	3	0.4	9371.83	3.9718244021259994	test
ecoli50_r002598	minus35	TGGGCT	0.6666666666666666	3	0.52	133.49	2.1254487330602623	train
ecoli50_r002614	minus35	TTCTGG	0.5	2	0.42	2260.03	3.354114204080137	val
ecoli50_r002618	minus35	TTGTTT	0.16666666666666666	3	0.34	207.8	2.3176455432211585	train
ecoli50_r002653	minus35	TTTGTA	0.16666666666666666	3	0.26	4331.93	3.636681430211049	train
ecoli50_r002654	minus35	TTTGTA	0.16666666666666666	3	0.22	4367.84	3.640266721182534	train
ecoli50_r002656	minus35	TTGCTT	0.3333333333333333	3	0.32	465.39	2.6678170472113947	train
ecoli50_r002664	minus35	CAATAT	0.16666666666666666	0	0.38	124.39	2.0947854678195585	train
ecoli50_r002688	minus35	CGGAAA	0.5	3	0.4	1134.92	3.054965249385483	train
ecoli50_r002715	minus35	TAAAAT	0.0	2	0.3	15.66	1.1947917577219247	test
ecoli50_r002738	minus35	GATTTA	0.16666666666666666	1	0.18	291.8	2.4650852875574327	train
ecoli50_r002751	minus35	TTGAAA	0.16666666666666666	5	0.3	366.82	2.5644530065313664	train
ecoli50_r002753	minus35	TTTTGC	0.3333333333333333	2	0.5	1840.1	3.264841425329148	test
ecoli50_r002772	minus35	CCATTG	0.5	0	0.4	4233.73	3.6267231580648143	train
ecoli50_r002790	minus35	GTCGGA	0.6666666666666666	2	0.44	216.36	2.335176972770027	train
ecoli50_r002834	minus35	TCACAG	0.5	1	0.44	3666.86	3.56429432899847	train
ecoli50_r002841	minus35	GTTAAA	0.16666666666666666	3	0.4	7705.54	3.8868030792390655	train
ecoli50_r002843	minus35	ATGGGA	0.5	3	0.36	7692.12	3.8860460507785217	val
ecoli50_r002860	minus35	TGCTAT	0.3333333333333333	1	0.42	3096.89	3.4909257797056967	train
ecoli50_r002862	minus35	TGCTAT	0.3333333333333333	1	0.4	19.57	1.291590825658001	train
ecoli50_r002875	minus35	CGGGAA	0.6666666666666666	2	0.44	2063.68	3.314642355257248	train
ecoli50_r002884	minus35	AATAAT	0.0	1	0.42	8391.81	3.923855642382155	test
ecoli50_r002913	minus35	CAACGA	0.5	1	0.46	718.03	2.856142589872209	train
ecoli50_r002935	minus35	TTGCTA	0.3333333333333333	4	0.46	408.91	2.611627731468287	test
ecoli50_r002943	minus35	TGGTAT	0.3333333333333333	2	0.56	1710.37	3.2330900703783136	train
ecoli50_r002980	minus35	GTATTG	0.3333333333333333	1	0.3	38.08	1.5806969397124366	train
ecoli50_r003026	minus35	TCCCGC	0.8333333333333334	1	0.4	631.6	2.8004421213362565	train
ecoli50_r003067	minus35	ACTTGC	0.5	0	0.4	3221.78	3.5080958811955227	train
ecoli50_r003072	minus35	CTTAAT	0.16666666666666666	2	0.42	111.25	2.046300019652969	train
ecoli50_r003074	minus35	CTTAAT	0.16666666666666666	2	0.4	887.31	2.948075376053311	val
ecoli50_r003148	minus35	CGGCAT	0.6666666666666666	1	0.46	1455.24	3.162934623617636	train
ecoli50_r003157	minus35	CGTGCG	0.8333333333333334	1	0.56	247.58	2.393715558601472	train
ecoli50_r003159	minus35	TGATGC	0.5	1	0.56	23589.67	4.372721865506983	train
ecoli50_r003166	minus35	TAGACG	0.5	4	0.46	704.52	2.8478933264252886	val
ecoli50_r003167	minus35	TAGACG	0.5	4	0.42	2548.63	3.406306790894205	val
ecoli50_r003326	minus35	ATCATT	0.16666666666666666	2	0.38	170.38	2.231418613908303	train
ecoli50_r003329	minus35	ATCATT	0.16666666666666666	2	0.36	4600.97	3.6628494015158433	train
ecoli50_r003369	minus35	CTGCAA	0.5	3	0.44	192.43	2.284272779857725	test
ecoli50_r003371	minus35	GCAACT	0.5	2	0.44	673.5	2.8283376000590046	train
ecoli50_r003372	minus35	TTGATA	0.16666666666666666	5	0.52	661.47	2.8205101521820164	train
ecoli50_r003377	minus35	CTATAC	0.3333333333333333	1	0.28	372.83	2.571510850866108	train
ecoli50_r003395	minus35	GGTGAA	0.5	1	0.5	3057.95	3.4854303800620365	train
ecoli50_r003396	minus35	TTCCTG	0.5	2	0.4	972.91	2.988072667286663	train
ecoli50_r003401	minus35	TTTCGC	0.5	2	0.52	5798.91	3.7633463684815	train
ecoli50_r003408	minus35	CTGTTA	0.3333333333333333	3	0.22	60.13	1.7790912038454991	train
ecoli50_r003420	minus35	CCTTGC	0.6666666666666666	0	0.48	159.75	2.2034408668304377	train
ecoli50_r003434	minus35	CTCGTG	0.6666666666666666	1	0.5	1126.25	3.0516348039871195	train
ecoli50_r003441	minus35	GTATGA	0.3333333333333333	2	0.44	73.59	1.866818802926048	train
ecoli50_r003457	minus35	TAAAAA	0.0	3	0.24	56.47	1.7518177877368792	train
ecoli50_r003461	minus35	AATTGA	0.16666666666666666	1	0.44	66.48	1.8226910107760543	test
ecoli50_r003477	minus35	TTCCTG	0.5	2	0.34	1192.65	3.076513012513419	train
ecoli50_r003484	minus35	AAACAA	0.16666666666666666	1	0.32	285.89	2.456198964659237	train
ecoli50_r003485	minus35	CGTTGA	0.5	1	0.36	125.81	2.0997151623510235	train
ecoli50_r003502	minus35	TCTTTA	0.16666666666666666	2	0.32	1307.13	3.1163187822821805	test
ecoli50_r003525	minus35	GCTGCT	0.6666666666666666	1	0.5	624.85	2.795775774158736	train
ecoli50_r003571	minus35	CTATGA	0.3333333333333333	2	0.2	192.43	2.284272779857725	train
ecoli50_r003584	minus35	GATTGC	0.5	0	0.4	10235.66	4.010115851406605	train
ecoli50_r003606	minus35	ATACTT	0.16666666666666666	1	0.36	682.71	2.834236264230046	train
ecoli50_r003636	minus35	ATGCCT	0.5	3	0.44	1491.65	3.173666932452848	test
ecoli50_r003719	minus35	GAGAAA	0.3333333333333333	3	0.32	1008.13	3.003516538699087	train
ecoli50_r003722	minus35	AATAAA	0.0	2	0.34	597.03	2.775996154424361	train
ecoli50_r003726	minus35	CCTTGC	0.6666666666666666	0	0.5	264960.13	5.423180528187021	train
ecoli50_r003730	minus35	TAAGTA	0.16666666666666666	2	0.38	6000.2	3.778165726625105	train
ecoli50_r003736	minus35	GATTAT	0.16666666666666666	0	0.18	525.17	2.7202999093317946	train
ecoli50_r003777	minus35	TTTGTC	0.3333333333333333	2	0.46	631.58	2.8004283689183294	train
ecoli50_r003778	minus35	TTTGTC	0.3333333333333333	2	0.46	368.32	2.566225301949698	train
ecoli50_r003790	minus35	TGTCAT	0.3333333333333333	1	0.32	90.58	1.9570323163469383	train
ecoli50_r003821	minus35	CACATT	0.3333333333333333	1	0.36	491.09	2.6911610907411823	val
ecoli50_r003844	minus35	TTTGCG	0.5	3	0.48	92.26	1.965013450272248	train
ecoli50_r003849	minus35	GGCCAC	0.8333333333333334	0	0.58	402.58	2.604852195526828	train
ecoli50_r003884	minus35	CTTATC	0.3333333333333333	2	0.42	1763.59	3.246397627602044	train
ecoli50_r003907	minus35	TGCTTA	0.3333333333333333	2	0.32	190.59	2.2801001100549243	train
ecoli50_r003946	minus35	GATTGA	0.3333333333333333	1	0.3	2053.04	3.3123974109439214	train
ecoli50_r003993	minus35	ATGCAC	0.5	2	0.6	61.3	1.787460474518415	train
ecoli50_r004003	minus35	ACACTT	0.3333333333333333	0	0.38	186.41	2.270469206453198	train
ecoli50_r004004	minus35	TGACTT	0.3333333333333333	1	0.4	150.31	2.176987874800811	train
ecoli50_r004015	minus35	ACATTC	0.3333333333333333	0	0.36	33730.58	4.528023808981489	train
ecoli50_r004016	minus35	ACATTC	0.3333333333333333	0	0.38	33718.55	4.5278688903732665	val
ecoli50_r004017	minus35	ACGTAA	0.3333333333333333	2	0.36	268.24	2.4285235404207635	train
ecoli50_r004023	minus35	TCTTGA	0.3333333333333333	2	0.42	156.56	2.1946808126499446	train
ecoli50_r004079	minus35	AAGTTC	0.3333333333333333	1	0.4	134.19	2.1277201528923197	val
ecoli50_r004084	minus35	ATTAAA	0.0	3	0.34	30359.57	4.482295616105205	val
ecoli50_r004156	minus35	TTGTTG	0.3333333333333333	3	0.42	345.51	2.53846062155673	train
ecoli50_r004196	minus35	CGTTTC	0.5	0	0.3	540.56	2.7328439059169187	train
ecoli50_r004206	minus35	AGACCA	0.5	2	0.32	324.72	2.511509038309229	train
ecoli50_r004212	minus35	TCCCGT	0.6666666666666666	1	0.46	268.24	2.4285235404207635	train
ecoli50_r004216	minus35	CTGAAA	0.3333333333333333	4	0.3	82.44	1.9161379831071752	train
ecoli50_r004217	minus35	CTGAAA	0.3333333333333333	4	0.3	877.95	2.9434697831698617	train
ecoli50_r004228	minus35	ATAGGC	0.5	1	0.44	626.24	2.796740803977907	train
ecoli50_r004258	minus35	TGCTGG	0.6666666666666666	1	0.38	834.33	2.9213378597892823	val
ecoli50_r004263	minus35	AGCGAT	0.5	0	0.38	1276.17	3.105908531081236	train
ecoli50_r004296	minus35	TTGTTT	0.16666666666666666	3	0.28	7715.17	3.887345499971236	val
ecoli50_r004321	minus35	GCGAGC	0.8333333333333334	2	0.48	910.62	2.959337184511873	train
ecoli50_r004334	minus35	AATGCA	0.3333333333333333	2	0.28	108.84	2.03678853310772	train
ecoli50_r004355	minus35	TCTCAC	0.5	1	0.4	256.2	2.4085791254086675	train
ecoli50_r004400	minus35	CGGCAA	0.6666666666666666	2	0.42	39.79	1.5997739391463883	test
ecoli50_r004424	minus35	CATTAT	0.16666666666666666	0	0.4	123.01	2.0899404184986348	train
ecoli50_r004435	minus35	TCGACG	0.6666666666666666	4	0.44	6832.13	3.8345561214024806	train
ecoli50_r004467	minus35	TTTTTT	0.0	2	0.34	11140.03	4.046886360390396	train
ecoli50_r004477	minus35	AATTCC	0.3333333333333333	1	0.28	7793.35	3.891724180878652	train
ecoli50_r004490	minus35	TTGGCG	0.6666666666666666	4	0.38	20678.81	4.315525542869508	test
ecoli50_r004495	minus35	TGACTT	0.3333333333333333	1	0.38	5040.67	3.7024882662002554	train
ecoli50_r004505	minus35	TGGGTC	0.6666666666666666	2	0.4	479.74	2.6810059307966028	train
ecoli50_r004506	minus35	GGCTAG	0.6666666666666666	0	0.4	36.08	1.557266528869904	train
ecoli50_r004514	minus35	TGTCGG	0.6666666666666666	1	0.5	113.53	2.0551106378541464	train
ecoli50_r004528	minus35	TAAGAG	0.3333333333333333	1	0.4	672.45	2.827659997921473	train
ecoli50_r004552	minus35	TCAGTA	0.3333333333333333	2	0.52	202.47	2.3063606828610514	train
ecoli50_r004554	minus35	TTTTTT	0.0	2	0.5	761.55	2.8816984224602864	val
ecoli50_r004570	minus35	ATCACT	0.3333333333333333	3	0.46	1699.78	3.230392714926002	train
ecoli50_r004575	minus35	TTGTTG	0.3333333333333333	3	0.46	3704.24	3.568699117129497	train
ecoli50_r004587	minus35	GGTATA	0.3333333333333333	2	0.34	114.25	2.057856208741888	val
ecoli50_r004588	minus35	TTACCG	0.5	3	0.34	1725.84	3.2370005304649223	train
ecoli50_r004617	minus35	TTGAAA	0.16666666666666666	5	0.36	580.78	2.764011652390398	train
ecoli50_r004639	minus35	AGGGCG	0.8333333333333334	2	0.5	436.22	2.639705573417184	train
ecoli50_r004661	minus35	TTTTAT	0.0	2	0.32	429.42	2.632882267597586	train
ecoli50_r004719	minus35	GCCAAA	0.5	2	0.38	725.7	2.8607571230815423	val
ecoli50_r004721	minus35	ACATAA	0.16666666666666666	1	0.26	1515.37	3.1805186852075744	val
ecoli50_r004726	minus35	TCGCAG	0.6666666666666666	2	0.44	102.17	2.0093233933810133	train
ecoli50_r004743	minus35	GGAACA	0.5	3	0.38	11250.56	4.051174140123556	test
ecoli50_r004756	minus35	CTTGAA	0.3333333333333333	2	0.46	1467.27	3.1665100379882625	train
ecoli50_r004777	minus35	GCACTT	0.5	0	0.48	1116.94	3.0480298442268112	train
ecoli50_r004792	minus35	GCCATC	0.6666666666666666	1	0.48	1238.87	3.0930257363641585	val
ecoli50_r004825	minus35	ACATAA	0.16666666666666666	1	0.42	98.45	1.993215720474137	test
ecoli50_r004848	minus35	GCCAAA	0.5	2	0.54	100.65	2.0028137792246734	train
ecoli50_r004857	minus35	GTTGCC	0.6666666666666666	2	0.58	330.65	2.5193685270400006	train
ecoli50_r004875	minus35	CTATAA	0.16666666666666666	2	0.42	256.92	2.409797913342063	train
ecoli50_r004909	minus35	CATTGA	0.3333333333333333	1	0.52	3471.36	3.540499654842894	val
ecoli50_r004921	minus35	TTGTAT	0.16666666666666666	3	0.6	3036.76	3.482410470286949	train
ecoli50_r004927	minus35	ATTATC	0.16666666666666666	2	0.26	38.82	1.589055531052344	train
ecoli50_r004944	minus35	CTATGG	0.5	1	0.34	156.35	2.194097885578952	train
ecoli50_r004989	minus35	CCTGCA	0.6666666666666666	2	0.4	15514.53	4.190738623523261	train
ecoli50_r004994	minus35	TCTAAA	0.16666666666666666	3	0.3	26266.46	4.419401545718649	test
ecoli50_r005035	minus35	TATGCA	0.3333333333333333	3	0.42	905.93	2.957094641619186	train
ecoli50_r005037	minus35	GTATCA	0.3333333333333333	3	0.46	534.99	2.7283456642914943	train
ecoli50_r005057	minus35	CACCCC	0.8333333333333334	1	0.46	761.62	2.88173834001874	train
ecoli50_r005080	minus35	AAAATG	0.16666666666666666	1	0.5	4683.01	3.6705250851662745	train
ecoli50_r005082	minus35	AAAATG	0.16666666666666666	1	0.44	379.24	2.578914137904181	train
ecoli50_r005125	minus35	TAGACG	0.5	4	0.24	1627.1	3.211414245077976	train
ecoli50_r005133	minus35	CTTTGC	0.5	1	0.38	1013.17	3.005682321833722	val
ecoli50_r005134	minus35	TTGACA	0.3333333333333333	6	0.36	168895.73	5.227618669932883	train
ecoli50_r005139	minus35	CATCAC	0.5	0	0.48	68877.71	4.838078699553377	train
ecoli50_r005140	minus35	CATCAC	0.5	0	0.5	71788.19	4.856053003577955	test
ecoli50_r005149	minus35	AAAAAC	0.16666666666666666	1	0.3	8056.68	3.906156114420504	train
ecoli50_r005150	minus35	AAAAAC	0.16666666666666666	1	0.3	60.39	1.780965029608317	train
ecoli50_r005164	minus35	ATGTAC	0.3333333333333333	2	0.26	1959.23	3.2920854221445808	val
ecoli50_r005166	minus35	ATGTAC	0.3333333333333333	2	0.28	589.9	2.770778396169148	train
ecoli50_r005206	minus35	TGATTA	0.16666666666666666	2	0.46	314.37	2.4974410950769714	train
ecoli50_r005280	minus35	TCCTTG	0.5	1	0.42	5034.1	3.701921838351167	train
ecoli50_r005420	minus35	TTGCGG	0.6666666666666666	3	0.34	493.1	2.692935002531138	val
ecoli50_r005425	minus35	TTGATC	0.3333333333333333	4	0.38	328.73	2.5168393397370283	train
ecoli50_r005457	minus35	TTGCAA	0.3333333333333333	4	0.42	4911.5	3.69121414838279	train
ecoli50_r005491	minus35	CTTTTT	0.16666666666666666	1	0.36	444.99	2.6483502514447137	train
ecoli50_r005492	minus35	TCGCTG	0.6666666666666666	2	0.34	251.56	2.4006415860565102	train
ecoli50_r005504	minus35	ACAAAA	0.16666666666666666	2	0.32	371.52	2.56998219805848	train
ecoli50_r005505	minus35	GAACGT	0.5	0	0.46	530.07	2.7243332254617747	train
ecoli50_r005548	minus35	GAAGTC	0.5	0	0.48	1144.96	3.0587903145512603	train
ecoli50_r005554	minus35	TTCCGT	0.5	2	0.36	318.71	2.5033956903224466	val
ecoli50_r005567	minus35	ATGTTG	0.3333333333333333	2	0.42	401.43	2.6036098254200373	train
ecoli50_r005582	minus35	TTGAAT	0.16666666666666666	4	0.44	297.85	2.473997604434864	train
ecoli50_r005616	minus35	CGCCAA	0.6666666666666666	1	0.52	8964.78	3.952539636234134	val
ecoli50_r005617	minus35	TTGTTT	0.16666666666666666	3	0.42	27841.97	4.444699961177764	train
ecoli50_r005636	minus35	CCTTGA	0.5	1	0.46	2272.91	3.356582239386558	train
ecoli50_r005669	minus35	TGTAGT	0.3333333333333333	2	0.38	300.67	2.478090097590289	test
ecoli50_r005729	minus35	TACCGG	0.6666666666666666	1	0.42	3054.8	3.484982781930561	train
ecoli50_r005738	minus35	ATTGCG	0.5	2	0.46	330.31	2.5189217219780566	train
ecoli50_r005795	minus35	CATTTA	0.16666666666666666	1	0.38	25963.69	4.414366415121961	train
ecoli50_r005841	minus35	ATCACG	0.5	3	0.36	261.08	2.416773604023939	val
ecoli50_r005889	minus35	GAGATT	0.3333333333333333	2	0.58	92.82	1.9676415640830112	train
ecoli50_r005902	minus35	TGTAAT	0.16666666666666666	2	0.36	823.88	2.915863960322112	train
ecoli50_r005930	minus35	TAACAG	0.3333333333333333	1	0.38	1342.72	3.1279854578414263	train
ecoli50_r005966	minus35	TCCAAA	0.3333333333333333	3	0.38	3078.85	3.4883885308131832	train
ecoli50_r005980	minus35	GTATGC	0.5	1	0.52	166.26	2.220787776165875	val
ecoli50_r005981	minus35	AGTTAA	0.16666666666666666	1	0.48	72.94	1.8629657589777624	train
ecoli50_r006031	minus35	CTTGGC	0.6666666666666666	1	0.34	517.15	2.7136165290200505	test
ecoli50_r006066	minus35	ATCACT	0.3333333333333333	3	0.28	1211.16	3.0832015193008666	train
ecoli50_r006067	minus35	ATCACT	0.3333333333333333	3	0.28	1211.16	3.0832015193008666	train
ecoli50_r006068	minus35	ATCACT	0.3333333333333333	3	0.26	348.78	2.542551573340032	train
ecoli50_r006080	minus35	TTGATT	0.16666666666666666	4	0.4	855.49	2.932214937348537	test
ecoli50_r006091	minus35	TTGACA	0.3333333333333333	6	0.3	9681.55	3.985944892696665	train
ecoli50_r006092	minus35	TTGACA	0.3333333333333333	6	0.3	8238.34	3.915839711519016	val
ecoli50_r006117	minus35	TGCCAG	0.6666666666666666	1	0.34	705.59	2.848552417113001	train
ecoli50_r006177	minus35	CACATT	0.3333333333333333	1	0.52	142872.71	5.154949282477117	test
ecoli50_r006179	minus35	ACGGTT	0.5	1	0.34	6463.19	3.810446923172971	train
ecoli50_r006185	minus35	TTTGTC	0.3333333333333333	2	0.4	156.0	2.1931245983544616	train
ecoli50_r006197	minus35	GTACCA	0.5	3	0.4	198.44	2.297629218364148	train
ecoli50_r006207	minus35	CTCAAA	0.3333333333333333	3	0.32	253.29	2.403618043992883	train
ecoli50_r006208	minus35	CTCAAA	0.3333333333333333	3	0.3	1311.75	3.1178510728703768	train
ecoli50_r006221	minus35	TACTTC	0.3333333333333333	1	0.44	1460.69	3.1645580560611446	train
ecoli50_r006222	minus35	TTTACC	0.3333333333333333	4	0.34	1302.9	3.1149110840818914	train
ecoli50_r006227	minus35	GGTTCA	0.5	2	0.3	791.76	2.89859355725695	train
ecoli50_r006240	minus35	GAGCTT	0.5	1	0.52	11643.81	4.066095110144926	val
ecoli50_r006259	minus35	GCTGAT	0.5	0	0.36	24731.14	4.39324413594473	train
ecoli50_r006261	minus35	GTCAAT	0.3333333333333333	2	0.38	175.83	2.245092976101281	train
ecoli50_r006339	minus35	GCAGAC	0.6666666666666666	0	0.48	332.74	2.5221050122757025	test
ecoli50_r006345	minus35	GGTTGT	0.5	0	0.28	499.11	2.6981962713313834	train
ecoli50_r006355	minus35	CTTGTT	0.3333333333333333	1	0.24	751.67	2.8760272174079264	test
ecoli50_r006358	minus35	ATTGCT	0.3333333333333333	2	0.54	96.6	1.9849771264154932	train
ecoli50_r006376	minus35	TGCTTT	0.3333333333333333	1	0.44	4696.01	3.671729013056465	train
ecoli50_r006436	minus35	GCAGTT	0.5	0	0.46	594.37	2.7740568808950865	test
ecoli50_r006466	minus35	CTTGCT	0.5	2	0.46	288.64	2.460356515861848	train
ecoli50_r006495	minus35	TGTTGC	0.5	1	0.22	549.43	2.7399123690975578	test
ecoli50_r006553	minus35	AAGACA	0.3333333333333333	4	0.48	1007.75	3.003352806825089	train
ecoli50_r006574	minus35	CCTTCT	0.5	1	0.34	2140.76	3.3305679813915545	train
ecoli50_r006642	minus35	TCTGTT	0.3333333333333333	1	0.4	121.0	2.0827853703164503	test
ecoli50_r006661	minus35	GGAACT	0.5	2	0.36	3239.04	3.510416311292675	train
ecoli50_r006687	minus35	GGTGTT	0.5	0	0.3	10835.03	4.0348301181308175	train
ecoli50_r006700	minus35	CAGCAG	0.6666666666666666	1	0.4	1233.95	3.091297562319563	train
ecoli50_r006718	minus35	CTTGAC	0.5	1	0.44	10748.38	4.031343012151325	train
ecoli50_r006719	minus35	TGTCAG	0.5	1	0.44	11396.85	4.0567848323315046	train
ecoli50_r006723	minus35	TGTTGC	0.5	1	0.44	155.62	2.192065410979292	test
ecoli50_r006727	minus35	ATGGCA	0.5	4	0.42	148783.16	5.172553778434662	val
ecoli50_r006730	minus35	CGGGAA	0.6666666666666666	2	0.48	254.49	2.4056707217213265	train
ecoli50_r006732	minus35	TGGGGT	0.6666666666666666	2	0.42	2086.09	3.3193330412238806	train
ecoli50_r006733	minus35	TGGGGT	0.6666666666666666	2	0.42	2073.08	3.3166160618083653	train
ecoli50_r006738	minus35	CACACA	0.5	3	0.36	119409.08	5.077037352287168	train
ecoli50_r006739	minus35	CGAATT	0.3333333333333333	1	0.4	74.3	1.8709888137605752	train
ecoli50_r006786	minus35	CTTTAC	0.3333333333333333	1	0.34	649.45	2.812545721136587	train
ecoli50_r006793	minus35	CAGATG	0.5	2	0.52	19.01	1.2789821168654432	val
ecoli50_r006823	minus35	CTTGCA	0.5	3	0.42	51.47	1.7115541682501696	train
ecoli50_r006845	minus35	TGACGT	0.5	1	0.4	124.28	2.094401244582937	train
ecoli50_r006920	minus35	CGTTAA	0.3333333333333333	1	0.62	1044.74	3.0190082228732336	train
ecoli50_r006928	minus35	TTGAAT	0.16666666666666666	4	0.3	195.05	2.29014595464781	train
ecoli50_r007006	minus35	AAGGAC	0.5	1	0.58	263.78	2.421241863921055	val
ecoli50_r007026	minus35	GCGGCA	0.8333333333333334	3	0.58	938.09	2.9722445064263345	train
ecoli50_r007044	minus35	TAGTGC	0.5	2	0.3	452.9	2.656002320682957	train
ecoli50_r007053	minus35	GTTAAG	0.3333333333333333	2	0.44	71.8	1.8561244442423004	val
ecoli50_r007192	minus35	CGCGCA	0.8333333333333334	2	0.52	320.71	2.5061125017965726	train
ecoli50_r007210	minus35	TGTAAG	0.3333333333333333	2	0.42	127038.76	5.1039362460418864	val
ecoli50_r007215	minus35	TCTCTC	0.5	1	0.38	1070.38	3.0295379857275733	test
ecoli50_r007219	minus35	TGTGAA	0.3333333333333333	2	0.44	1355.36	3.132054664397104	train
ecoli50_r007277	minus35	TGGTAG	0.5	2	0.38	865.93	2.937482785963696	train
ecoli50_r007278	minus35	TGGTAG	0.5	2	0.42	745147.58	5.872242295341906	train
ecoli50_r007284	minus35	CTGGCG	0.8333333333333334	3	0.42	4116.16	3.61449224795788	val
ecoli50_r007285	minus35	CTGGCG	0.8333333333333334	3	0.44	4098.12	3.612584671140532	train
ecoli50_r007344	minus35	GCAACC	0.6666666666666666	2	0.52	598.15	2.7768101070710123	train
ecoli50_r007352	minus35	ATTGAA	0.16666666666666666	2	0.3	18.67	1.2711443179490785	test
ecoli50_r007353	minus35	ATTGAA	0.16666666666666666	2	0.34	124.13	2.0938767553900446	train
ecoli50_r007354	minus35	GCTTTG	0.5	0	0.54	1580.82	3.1988824218252154	train
ecoli50_r007404	minus35	TTAACC	0.3333333333333333	4	0.36	157.69	2.1978041531734096	train
ecoli50_r007405	minus35	TTAACC	0.3333333333333333	4	0.42	176.48	2.2466954950961155	val
ecoli50_r007406	minus35	TTAACC	0.3333333333333333	4	0.32	578.84	2.7625585348503083	val
ecoli50_r007413	minus35	GTATTG	0.3333333333333333	1	0.28	459.62	2.662398918407578	train
ecoli50_r007442	minus35	GATTGG	0.5	0	0.48	4034.71	3.605812324702231	test
ecoli50_r007488	minus35	CAAACC	0.5	2	0.44	40.67	1.6092741724045876	train
ecoli50_r007489	minus35	CAAACC	0.5	2	0.54	50.4	1.7024305364455252	train
ecoli50_r007537	minus35	GTGCTG	0.6666666666666666	2	0.4	63.74	1.804412059137714	train
ecoli50_r007541	minus35	GTAAAA	0.16666666666666666	3	0.4	3128.68	3.4953611459710325	test
ecoli50_r007543	minus35	GTAAAA	0.16666666666666666	3	0.42	56.0	1.7481880270062005	train
ecoli50_r007552	minus35	GTGTTC	0.5	2	0.42	18204.78	4.260185434966566	train
ecoli50_r007553	minus35	GTGTTC	0.5	2	0.34	18198.88	4.260044661348437	val
ecoli50_r007568	minus35	CGTCGT	0.6666666666666666	0	0.42	6095.28	3.7849936606782486	test
ecoli50_r007569	minus35	GTTGCA	0.5	3	0.42	34144.0	4.533314397744376	train
ecoli50_r007578	minus35	TCGATT	0.3333333333333333	3	0.36	1153.92	3.0621757007062893	train
ecoli50_r007583	minus35	TGACAC	0.5	1	0.36	523.9	2.719248398447946	train
ecoli50_r007608	minus35	TTCCGC	0.6666666666666666	2	0.34	258.32	2.4121580320091054	train
ecoli50_r007609	minus35	TTCCGC	0.6666666666666666	2	0.32	118.89	2.075145327053852	train
ecoli50_r007620	minus35	GACCTG	0.6666666666666666	0	0.42	85.45	1.931712067056756	train
ecoli50_r007625	minus35	CAGCAC	0.6666666666666666	1	0.4	3441.8	3.5367856302506997	test
ecoli50_r007627	minus35	TTCCTT	0.3333333333333333	2	0.44	543.55	2.7352395000788343	train
ecoli50_r007688	minus35	TGAAGT	0.3333333333333333	2	0.44	67.1	1.826722520168992	train
ecoli50_r007689	minus35	TGAAGT	0.3333333333333333	2	0.48	156.04	2.1932359416397538	train
ecoli50_r007691	minus35	CATCGT	0.5	0	0.44	189.55	2.277723788762453	train
ecoli50_r007706	minus35	TCTCCA	0.5	3	0.26	4755.46	3.677192533008266	train
ecoli50_r007707	minus35	TCTCCA	0.5	3	0.28	4747.1	3.6764283804419233	train
ecoli50_r007769	minus35	CCGGCA	0.8333333333333334	3	0.46	769.71	2.886327128909236	train
ecoli50_r007783	minus35	GACGGA	0.6666666666666666	1	0.36	1955.8	3.29132444179242	val
ecoli50_r007867	minus35	GTGACT	0.5	4	0.54	713.99	2.85369212917781	train
ecoli50_r007877	minus35	GGCTTG	0.6666666666666666	0	0.42	572.97	2.7581318834411457	train
ecoli50_r007915	minus35	TCAATT	0.16666666666666666	2	0.5	1672.39	3.2233375620368303	val
ecoli50_r007916	minus35	TCAATT	0.16666666666666666	2	0.5	1672.39	3.2233375620368303	train
ecoli50_r007918	minus35	TCAATG	0.3333333333333333	2	0.46	331.78	2.5208502028112187	train
ecoli50_r007928	minus35	TTGAAG	0.3333333333333333	4	0.36	6154.23	3.789173722958609	test
ecoli50_r007967	minus35	TTGACG	0.5	5	0.32	194847.69	5.289695261418419	test
ecoli50_r007977	minus35	GTTGCA	0.5	3	0.46	216.68	2.335818826915165	train
ecoli50_r007978	minus35	GTTGCA	0.5	3	0.48	216.68	2.335818826915165	val
ecoli50_r008012	minus35	AAACTG	0.3333333333333333	0	0.44	1875.55	3.273128646431102	train
ecoli50_r008023	minus35	GGTTAA	0.3333333333333333	1	0.42	14809.92	4.170552712562236	val
ecoli50_r008029	minus35	CAGCCG	0.8333333333333334	2	0.52	288.64	2.460356515861848	train
ecoli50_r008048	minus35	TTCCCT	0.5	3	0.56	352.26	2.5468633307613078	train
ecoli50_r008068	minus35	CATTGA	0.3333333333333333	1	0.4	38803.6	4.5888720190892505	train
ecoli50_r008112	minus35	TCTGGC	0.6666666666666666	1	0.48	241.57	2.383042999305744	train
ecoli50_r008143	minus35	TGCCTA	0.5	2	0.3	268.39	2.4287663303280818	train
ecoli50_r008220	minus35	ATTGCA	0.3333333333333333	3	0.46	140.06	2.146314122011973	train
ecoli50_r008229	minus35	TATTCC	0.3333333333333333	2	0.36	61.3	1.787460474518415	train
ecoli50_r008232	minus35	TGAGGC	0.6666666666666666	1	0.46	327.1	2.5146805441249818	train
ecoli50_r008238	minus35	CAAAAA	0.16666666666666666	2	0.34	648.92	2.8121911595120985	train
ecoli50_r008239	minus35	CAAAAA	0.16666666666666666	2	0.38	2095.37	3.321260721703392	val
ecoli50_r008244	minus35	AACAAC	0.3333333333333333	1	0.28	243.54	2.386570301700929	train
ecoli50_r008258	minus35	ATATGA	0.16666666666666666	2	0.5	1798.0	3.25478968739721	train
ecoli50_r008259	minus35	ATATGA	0.16666666666666666	2	0.5	1822.06	3.260562674085867	train
ecoli50_r008261	minus35	GCAGAA	0.5	1	0.5	3133.11	3.4959756427445785	train
ecoli50_r008286	minus35	TGCATT	0.3333333333333333	2	0.38	14350.53	4.156867940918435	train
ecoli50_r008287	minus35	TGCATT	0.3333333333333333	2	0.38	14232.89	4.1532930928895135	train
ecoli50_r008288	minus35	TGCATT	0.3333333333333333	2	0.46	44.58	1.6491400641442189	train
ecoli50_r008292	minus35	CCTGTC	0.6666666666666666	0	0.32	127.56	2.1057145105709214	test
ecoli50_r008310	minus35	ATAATC	0.16666666666666666	2	0.46	218.75	2.3399480616943507	train
ecoli50_r008318	minus35	CTTTCT	0.3333333333333333	2	0.46	202.47	2.3063606828610514	train
ecoli50_r008324	minus35	TTGGTG	0.5	3	0.46	811.81	2.9094543967202053	val
ecoli50_r008369	minus35	ACCACG	0.6666666666666666	2	0.46	1204.19	3.0806950163582147	train
ecoli50_r008386	minus35	ACCTCT	0.5	1	0.48	114.35	2.0582361689427677	test
ecoli50_r008390	minus35	ACACGT	0.5	0	0.42	140.9	2.1489109931093564	train
ecoli50_r008422	minus35	TTGACC	0.5	5	0.4	5227.29	3.7182765945890615	train
ecoli50_r008506	minus35	TCCACT	0.5	3	0.42	7482.16	3.874026991001205	val
ecoli50_r008510	minus35	TTGTTA	0.16666666666666666	4	0.34	403.1	2.605412798153051	val
ecoli50_r008517	minus35	ATTGTA	0.16666666666666666	2	0.46	3551.29	3.5503861384399515	train
ecoli50_r008522	minus35	TTGCAT	0.3333333333333333	3	0.34	2373.28	3.375348979380976	train
ecoli50_r008602	minus35	TTCATC	0.3333333333333333	3	0.44	1069.98	3.0293756599554755	val
ecoli50_r008681	minus35	TTGATT	0.16666666666666666	4	0.48	1482.4	3.170965406310841	train
ecoli50_r008726	minus35	GCTTGC	0.6666666666666666	0	0.44	8785.52	3.943767471744475	val
ecoli50_r008790	minus35	AGGAAT	0.3333333333333333	2	0.36	155.13	2.190695792491732	test
ecoli50_r008808	minus35	AAACAA	0.16666666666666666	1	0.28	208.24	2.3185641551011797	train
ecoli50_r008810	minus35	AAACAA	0.16666666666666666	1	0.3	274.85	2.4390957413017493	train
ecoli50_r008838	minus35	GCCATT	0.5	1	0.32	106.57	2.027634965777544	test
ecoli50_r008841	minus35	TGGCCT	0.6666666666666666	3	0.38	468.94	2.671117279099181	train
ecoli50_r008884	minus35	ATCGAT	0.3333333333333333	1	0.46	466.22	2.668590900036833	train
ecoli50_r008926	minus35	GACGAT	0.5	0	0.4	75.65	1.8788089323592057	train
ecoli50_r008961	minus35	ATAATG	0.16666666666666666	2	0.32	2458.87	3.3907355682771105	train
ecoli50_r008963	minus35	ATAATG	0.16666666666666666	2	0.3	296.08	2.4714090720870554	train
ecoli50_r009010	minus35	ACATCG	0.5	1	0.56	1097.68	3.0404757513259137	train
ecoli50_r009014	minus35	TTGCAT	0.3333333333333333	3	0.42	27449.42	4.438533172339455	train
ecoli50_r009016	minus35	AATTCG	0.3333333333333333	1	0.38	108.24	2.0343877835895667	train
ecoli50_r009040	minus35	GCGATC	0.6666666666666666	2	0.52	298.86	2.475467792116027	train
ecoli50_r009042	minus35	GGCGGA	0.8333333333333334	1	0.4	92.26	1.965013450272248	train
ecoli50_r009071	minus35	GGTTCT	0.5	1	0.48	1010.68	3.0046136716812133	train
ecoli50_r009073	minus35	AGCACA	0.5	3	0.34	268.4	2.4287825114969546	train
ecoli50_r009074	minus35	AGCACA	0.5	3	0.4	268.4	2.4287825114969546	train
ecoli50_r009102	minus35	ATCATC	0.3333333333333333	2	0.36	4725.31	3.674430305305199	train
ecoli50_r009119	minus35	GTTTAT	0.16666666666666666	1	0.26	1250.78	3.097180928247997	val
ecoli50_r009127	minus35	GAACTT	0.3333333333333333	0	0.36	2002.49	3.3015703559894023	val
ecoli50_r009135	minus35	GCGTTA	0.5	2	0.34	708.99	2.850640109688784	train
ecoli50_r009149	minus35	TTTGCT	0.3333333333333333	3	0.5	297.22	2.473078029844237	test
ecoli50_r009183	minus35	ACGGCA	0.6666666666666666	3	0.34	117.01	2.0682229793464493	test
ecoli50_r009186	minus35	CCATAG	0.5	0	0.32	21907.48	4.3405924238848845	train
ecoli50_r009235	minus35	GGTTTT	0.3333333333333333	0	0.4	1998.85	3.300780204515047	train
ecoli50_r009236	minus35	GGTTTT	0.3333333333333333	0	0.38	1998.85	3.300780204515047	train
ecoli50_r009239	minus35	TGCAAT	0.3333333333333333	2	0.38	49207.53	4.692031565922266	train
ecoli50_r009265	minus35	ATGACA	0.3333333333333333	5	0.32	2880.41	3.4594543100037867	test
ecoli50_r009269	minus35	CTGATA	0.3333333333333333	4	0.3	186.41	2.270469206453198	train
ecoli50_r009315	minus35	AAAAGC	0.3333333333333333	1	0.34	766.33	2.8844158274873006	train
ecoli50_r009331	minus35	ATTGAA	0.16666666666666666	2	0.34	96.21	1.9832202146481028	train
ecoli50_r009354	minus35	TCGCTC	0.6666666666666666	2	0.54	126.32	2.1014721170002377	val
ecoli50_r009370	minus35	AAATTG	0.16666666666666666	0	0.28	521.16	2.716971075409854	train
ecoli50_r009409	minus35	CCACAC	0.6666666666666666	0	0.48	2078.63	3.317777190986629	train
ecoli50_r009429	minus35	TTTTCC	0.3333333333333333	3	0.44	475.55	2.6771961860105447	train
ecoli50_r009506	minus35	TTGCAC	0.5	3	0.44	824.77	2.9163328556321426	train
ecoli50_r009510	minus35	ATCAAA	0.16666666666666666	3	0.56	5270.48	3.72185016964488	train
ecoli50_r009558	minus35	ATCCGC	0.6666666666666666	1	0.36	232.76	2.366908348521373	test
ecoli50_r009601	minus35	GCTGTA	0.5	1	0.56	333.75	2.523421274372632	train
ecoli50_r009602	minus35	CATCGG	0.6666666666666666	0	0.5	288.64	2.460356515861848	val
ecoli50_r009612	minus35	TCGTCG	0.6666666666666666	3	0.44	856.5	2.932727367301529	train
ecoli50_r009621	minus35	TGAAGG	0.5	2	0.44	1467.5	3.166578109919652	train
ecoli50_r009654	minus35	GGTAAA	0.3333333333333333	2	0.42	192.43	2.284272779857725	train
ecoli50_r009673	minus35	CGACAA	0.5	1	0.4	925.09	2.966183986362805	train
ecoli50_r009687	minus35	GCCCAG	0.8333333333333334	0	0.44	1088.42	3.036796513454868	val
ecoli50_r009720	minus35	ATGCCA	0.5	4	0.38	192.43	2.284272779857725	train
ecoli50_r009775	minus35	TTTCCA	0.3333333333333333	4	0.32	28093.55	4.448606621650723	train
ecoli50_r009780	minus35	CATTCC	0.5	1	0.42	1282.98	3.1082198863380315	test
ecoli50_r009881	minus35	GTCCAT	0.5	1	0.38	2104.68	3.323186074139078	train
ecoli50_r009882	minus35	GTCCAT	0.5	1	0.38	2104.68	3.323186074139078	train
ecoli50_r009922	minus35	CTTTCA	0.3333333333333333	3	0.52	28.81	1.4595432582804129	val
ecoli50_r009940	minus35	CAGTTG	0.5	1	0.48	239.6	2.3794868137172736	train
ecoli50_r009971	minus35	GATCCC	0.6666666666666666	1	0.5	2028.5	3.307175012040345	train
ecoli50_r009976	minus35	TGAGCA	0.5	3	0.46	146.27	2.1651552613920657	val
ecoli50_r009980	minus35	AAAGAA	0.16666666666666666	1	0.42	1119.26	3.048930983265818	train
ecoli50_r009981	minus35	AAAGAA	0.16666666666666666	1	0.42	1119.26	3.048930983265818	train
ecoli50_r009982	minus35	AAAGAA	0.16666666666666666	1	0.48	318.71	2.5033956903224466	train
ecoli50_r010021	minus35	CGCTCA	0.6666666666666666	2	0.44	60.95	1.7849737099544007	val
ecoli50_r010030	minus35	ATATAA	0.0	2	0.14	67.15	1.8270460170047345	train
ecoli50_r010031	minus35	GGCATT	0.5	1	0.36	48.11	1.682235356902564	val
ecoli50_r010046	minus35	TTTCCG	0.5	3	0.28	3477.96	3.5413245828768223	val
ecoli50_r010047	minus35	TTTCCG	0.5	3	0.28	205.14	2.3120503511802384	train
ecoli50_r010049	minus35	GATTCC	0.5	1	0.42	76.63	1.8843988255566864	train
ecoli50_r010076	minus35	TGTGTT	0.3333333333333333	1	0.36	3746.34	3.5736071893294428	val
ecoli50_r010114	minus35	TTTGCG	0.5	3	0.38	6596.34	3.819303032709034	train
ecoli50_r010115	minus35	AGACAG	0.5	0	0.5	53278.22	4.726549706832455	train
ecoli50_r010126	minus35	TTATTT	0.0	2	0.38	35602.78	4.551483910656068	test
ecoli50_r010150	minus35	TTGAAG	0.3333333333333333	4	0.6	270.41	2.4320227481590773	train
ecoli50_r010288	minus35	TGTCAG	0.5	1	0.32	54.12	1.7333577879255853	val
ecoli50_r010321	minus35	TTGTTT	0.16666666666666666	3	0.44	48485.92	4.685615640580032	train
ecoli50_r010325	minus35	TGTTAT	0.16666666666666666	1	0.42	1712.71	3.233683833448971	test
ecoli50_r010340	minus35	TTTAAA	0.0	4	0.34	100.8	2.0034605321095063	train
ecoli50_r010344	minus35	GTTTTG	0.3333333333333333	1	0.4	200.62	2.3023742260755826	train
ecoli50_r010373	minus35	TCACTT	0.3333333333333333	1	0.32	60.05	1.7785130117389247	val
ecoli50_r010378	minus35	TAGCCA	0.5	4	0.44	2047.08	3.311134815246606	train
ecoli50_r010498	minus35	CGGGGG	1.0	1	0.58	2293.1	3.3604229943292485	val
ecoli50_r010499	minus35	CGGGGG	1.0	1	0.58	2293.1	3.3604229943292485	train
ecoli50_r010500	minus35	TATGCC	0.5	2	0.42	203.44	2.3084363471676523	test
ecoli50_r010511	minus35	CAGTTT	0.3333333333333333	1	0.42	1193.84	3.076946125978213	train
ecoli50_r010520	minus35	TTGACG	0.5	5	0.42	77.26	1.8879547038088016	train
ecoli50_r010577	minus35	TCAAAT	0.16666666666666666	2	0.3	186.41	2.270469206453198	test
ecoli50_r010591	minus35	TTGACA	0.3333333333333333	6	0.32	84.19	1.9252605095194355	train
ecoli50_r010592	minus35	CTTTGC	0.5	1	0.46	90.58	1.9570323163469383	train
ecoli50_r010597	minus35	TCCCTA	0.5	2	0.38	36.9	1.5670263661590604	test
ecoli50_r010598	minus35	GATAGG	0.5	1	0.38	763.38	2.882740777563016	train
ecoli50_r010606	minus35	TGTTAC	0.3333333333333333	1	0.34	180.84	2.2572944983622567	train
ecoli50_r010624	minus35	GGACAG	0.6666666666666666	0	0.44	1038.97	3.0166030075932144	train
ecoli50_r010641	minus35	TGTCAG	0.5	1	0.42	1593.28	3.2022921045953656	val
ecoli50_r010643	minus35	CTTGAC	0.5	1	0.42	10758.51	4.031752127874428	train
ecoli50_r010650	minus35	AAGCCA	0.5	3	0.5	730.66	2.8637153325336984	val
ecoli50_r010719	minus35	CTTGAG	0.5	1	0.44	820796.7	5.914235601697235	train
ecoli50_r010721	minus35	AGGGCT	0.6666666666666666	2	0.38	304.68	2.483843946921347	val
ecoli50_r010731	minus35	GTCGGG	0.8333333333333334	1	0.54	315.96	2.499632105153693	val
ecoli50_r010788	minus35	CTTTTA	0.16666666666666666	2	0.48	551.71	2.74171085581828	train
ecoli50_r010798	minus35	GTAAGT	0.3333333333333333	2	0.52	302.39	2.4805674250016936	train
ecoli50_r010809	minus35	ATCACA	0.3333333333333333	4	0.4	197.48	2.2955231185474934	train
ecoli50_r010810	minus35	ATCACA	0.3333333333333333	4	0.44	1768.98	3.247722922825642	val
ecoli50_r010876	minus35	CTCGGT	0.6666666666666666	1	0.42	2474.91	3.393559410455829	train
ecoli50_r010879	minus35	TTATCG	0.3333333333333333	3	0.34	266.71	2.426039299392168	train
ecoli50_r010883	minus35	ATTATT	0.0	2	0.3	18.45	1.2659963704950792	test
ecoli50_r010916	minus35	TGTATA	0.16666666666666666	3	0.32	1679.27	3.2251205294214755	train
ecoli50_r010923	minus35	CAGGCA	0.6666666666666666	3	0.28	579.05	2.762716065949462	val
ecoli50_r010933	minus35	TCGGTT	0.5	2	0.46	438.98	2.642444734165811	train
ecoli50_r010934	minus35	TCGGTT	0.5	2	0.46	414.92	2.617964369223516	train
ecoli50_r010954	minus35	CTACAT	0.3333333333333333	1	0.36	1768.44	3.247590329567251	train
ecoli50_r010964	minus35	AACATA	0.16666666666666666	2	0.44	368.62	2.566578894784306	train
ecoli50_r010965	minus35	AACATA	0.16666666666666666	2	0.44	368.62	2.566578894784306	train
ecoli50_r011023	minus35	TTGATC	0.3333333333333333	4	0.34	855.19	2.932062613891308	test
ecoli50_r011043	minus35	CAGTCA	0.5	3	0.56	7573.91	3.879320140138438	train
ecoli50_r011069	minus35	CTATTA	0.16666666666666666	2	0.3	1638.44	3.2144305420589334	val
ecoli50_r011076	minus35	TTGCAT	0.3333333333333333	3	0.36	1635.64	3.2136877227962497	train
ecoli50_r011115	minus35	AAATAA	0.0	1	0.42	186.41	2.270469206453198	train
ecoli50_r011125	minus35	CTTGAA	0.3333333333333333	2	0.32	2428.91	3.385411422904138	test
ecoli50_r011126	minus35	CTTGAA	0.3333333333333333	2	0.32	2428.91	3.385411422904138	train
ecoli50_r011140	minus35	TTCTTT	0.16666666666666666	2	0.36	1373.8	3.1379235120404148	train
ecoli50_r011148	minus35	TCTCTG	0.5	1	0.44	14078.96	4.148570575051629	train
ecoli50_r011184	minus35	GGTTGT	0.5	0	0.42	607.35	2.783439035824095	train
ecoli50_r011205	minus35	TCGGTC	0.6666666666666666	2	0.52	1341.94	3.1277330983579787	test
ecoli50_r011209	minus35	CAAATC	0.3333333333333333	1	0.42	3377.12	3.5285464927976573	train
ecoli50_r011281	minus35	TTACCC	0.5	3	0.52	219.35	2.341137638740964	train
ecoli50_r011291	minus35	GCTTTT	0.3333333333333333	0	0.3	140.9	2.1489109931093564	train
ecoli50_r011308	minus35	AAATCA	0.16666666666666666	2	0.38	4473.74	3.650670740635351	test
ecoli50_r011316	minus35	CTGGCG	0.8333333333333334	3	0.44	493.1	2.692935002531138	train
ecoli50_r011338	minus35	CTGGCA	0.6666666666666666	4	0.42	2520.05	3.4014091576500656	train
ecoli50_r011378	minus35	ATCCTG	0.5	1	0.38	50.77	1.705607163404605	train
ecoli50_r011418	minus35	TGCGTA	0.5	2	0.34	739.65	2.869026261586819	train
ecoli50_r011428	minus35	TTTCAC	0.3333333333333333	2	0.48	2074.94	3.317005542953818	train
ecoli50_r011429	minus35	TTTCAC	0.3333333333333333	2	0.44	243.35	2.3862313505795254	val
ecoli50_r011430	minus35	TTTAAA	0.0	4	0.36	115.81	2.0637460616134438	train
ecoli50_r011463	minus35	CAAATA	0.16666666666666666	2	0.36	248.92	2.3960597923124327	test
ecoli50_r011548	minus35	GCTGGT	0.6666666666666666	0	0.3	1464.26	3.165618198675746	test
ecoli50_r011549	minus35	GTATAA	0.16666666666666666	2	0.3	47.54	1.6770591773921617	train
ecoli50_r011664	minus35	CGGTTG	0.6666666666666666	1	0.58	339.54	2.530890944318972	test
ecoli50_r011712	minus35	TACTAA	0.16666666666666666	2	0.44	68.11	1.8332108802826088	train
ecoli50_r011775	minus35	ACAGCC	0.6666666666666666	1	0.48	895.75	2.952186816838148	train
ecoli50_r011776	minus35	TTGTAC	0.3333333333333333	3	0.5	667.49	2.824444763703503	train
ecoli50_r011813	minus35	GCGGTT	0.6666666666666666	1	0.4	455.57	2.6585551173749464	val
ecoli50_r011842	minus35	TTGCCA	0.5	5	0.42	719.32	2.856922135608565	train
ecoli50_r011865	minus35	AATGCT	0.3333333333333333	1	0.26	24734.86	4.393309456588232	train
ecoli50_r011878	minus35	ATGATT	0.16666666666666666	3	0.3	5170.94	3.713569498549465	train
ecoli50_r011880	minus35	TGGATT	0.3333333333333333	3	0.26	1531.41	3.185091478679716	train
