feature,subset,n,pearson_log10,spearman_log10
gc_content,all,11884,-0.1338264616571255,-0.13949719335151026
gc_content,train,8318,-0.12892403592708637,-0.13652958428249487
gc_content,val,1783,-0.13245320480446993,-0.12732801615431857
gc_content,test,1783,-0.15926239675692924,-0.16638070524060644
at_content,all,11884,0.13382646165712547,0.13949719335151026
at_content,train,8318,0.12892403592708632,0.13652958428249487
at_content,val,1783,0.13245320480446993,0.12732801615431857
at_content,test,1783,0.15926239675692921,0.16638070524060644
a_fraction,all,11884,0.06938998293248123,0.06236576579602883
a_fraction,train,8318,0.05762252806930906,0.04865892974515639
a_fraction,val,1783,0.08607166511781657,0.08100724270999432
a_fraction,test,1783,0.1070482542368984,0.10592505860292198
c_fraction,all,11884,-0.10412256866056781,-0.12265790143502331
c_fraction,train,8318,-0.10043921210910277,-0.12291786214333732
c_fraction,val,1783,-0.09457234447686058,-0.09602353144487062
c_fraction,test,1783,-0.13233321925855068,-0.14967600142327606
g_fraction,all,11884,-0.07808880673135925,-0.061899179065960465
g_fraction,train,8318,-0.07467039696024219,-0.058490192897580645
g_fraction,val,1783,-0.08839874805070583,-0.07439739427509581
g_fraction,test,1783,-0.08367376896610519,-0.06488041843801312
t_fraction,all,11884,0.0861333101794335,0.09731528146349558
t_fraction,train,8318,0.09238930367425022,0.10605488626325003
t_fraction,val,1783,0.06990222459851057,0.07746670713416859
t_fraction,test,1783,0.07323374101109806,0.07702963612901274
entropy,all,11884,-0.08831432985361964,-0.10107686690724539
entropy,train,8318,-0.0864673508228627,-0.10058156046287112
entropy,val,1783,-0.08604381085545473,-0.08824524666527012
entropy,test,1783,-0.09979600441869803,-0.11672089003962498
