scale,subset,bin_left,bin_right,count
strength,train,8.67,50107.440727272726,8276
strength,train,50107.440727272726,100206.21145454545,24
strength,train,100206.21145454545,150304.9821818182,6
strength,train,150304.9821818182,200403.75290909092,2
strength,train,200403.75290909092,250502.52363636365,1
strength,train,250502.52363636365,300601.29436363635,2
strength,train,300601.29436363635,350700.0650909091,2
strength,train,350700.0650909091,400798.8358181818,3
strength,train,400798.8358181818,450897.60654545453,0
strength,train,450897.60654545453,500996.37727272726,0
strength,train,500996.37727272726,551095.148,0
strength,train,551095.148,601193.9187272728,0
strength,train,601193.9187272728,651292.6894545455,0
strength,train,651292.6894545455,701391.4601818182,0
strength,train,701391.4601818182,751490.230909091,1
strength,train,751490.230909091,801589.0016363637,0
strength,train,801589.0016363637,851687.7723636364,1
strength,train,851687.7723636364,901786.5430909091,0
strength,train,901786.5430909091,951885.3138181819,0
strength,train,951885.3138181819,1001984.0845454546,0
strength,train,1001984.0845454546,1052082.855272727,0
strength,train,1052082.855272727,1102181.626,0
strength,train,1102181.626,1152280.3967272728,0
strength,train,1152280.3967272728,1202379.1674545454,0
strength,train,1202379.1674545454,1252477.938181818,0
strength,train,1252477.938181818,1302576.7089090908,0
strength,train,1302576.7089090908,1352675.4796363637,0
strength,train,1352675.4796363637,1402774.2503636363,0
strength,train,1402774.2503636363,1452873.021090909,0
strength,train,1452873.021090909,1502971.7918181818,0
strength,train,1502971.7918181818,1553070.5625454546,0
strength,train,1553070.5625454546,1603169.3332727272,0
strength,train,1603169.3332727272,1653268.1039999998,0
strength,train,1653268.1039999998,1703366.8747272727,0
strength,train,1703366.8747272727,1753465.6454545455,0
strength,train,1753465.6454545455,1803564.4161818181,0
strength,train,1803564.4161818181,1853663.1869090907,0
strength,train,1853663.1869090907,1903761.9576363636,0
strength,train,1903761.9576363636,1953860.7283636364,0
strength,train,1953860.7283636364,2003959.499090909,0
strength,train,2003959.499090909,2054058.2698181816,0
strength,train,2054058.2698181816,2104157.0405454542,0
strength,train,2104157.0405454542,2154255.8112727273,0
strength,train,2154255.8112727273,2204354.582,0
strength,train,2204354.582,2254453.3527272725,0
strength,train,2254453.3527272725,2304552.1234545456,0
strength,train,2304552.1234545456,2354650.8941818182,0
strength,train,2354650.8941818182,2404749.664909091,0
strength,train,2404749.664909091,2454848.4356363635,0
strength,train,2454848.4356363635,2504947.206363636,0
strength,train,2504947.206363636,2555045.977090909,0
strength,train,2555045.977090909,2605144.7478181818,0
strength,train,2605144.7478181818,2655243.5185454544,0
strength,train,2655243.5185454544,2705342.2892727274,0
strength,train,2705342.2892727274,2755441.06,0
strength,val,8.67,50107.440727272726,1775
strength,val,50107.440727272726,100206.21145454545,3
strength,val,100206.21145454545,150304.9821818182,2
strength,val,150304.9821818182,200403.75290909092,1
strength,val,200403.75290909092,250502.52363636365,1
strength,val,250502.52363636365,300601.29436363635,1
strength,val,300601.29436363635,350700.0650909091,0
strength,val,350700.0650909091,400798.8358181818,0
strength,val,400798.8358181818,450897.60654545453,0
strength,val,450897.60654545453,500996.37727272726,0
strength,val,500996.37727272726,551095.148,0
strength,val,551095.148,601193.9187272728,0
strength,val,601193.9187272728,651292.6894545455,0
strength,val,651292.6894545455,701391.4601818182,0
strength,val,701391.4601818182,751490.230909091,0
strength,val,751490.230909091,801589.0016363637,0
strength,val,801589.0016363637,851687.7723636364,0
strength,val,851687.7723636364,901786.5430909091,0
strength,val,901786.5430909091,951885.3138181819,0
strength,val,951885.3138181819,1001984.0845454546,0
strength,val,1001984.0845454546,1052082.855272727,0
strength,val,1052082.855272727,1102181.626,0
strength,val,1102181.626,1152280.3967272728,0
strength,val,1152280.3967272728,1202379.1674545454,0
strength,val,1202379.1674545454,1252477.938181818,0
strength,val,1252477.938181818,1302576.7089090908,0
strength,val,1302576.7089090908,1352675.4796363637,0
strength,val,1352675.4796363637,1402774.2503636363,0
strength,val,1402774.2503636363,1452873.021090909,0
strength,val,1452873.021090909,1502971.7918181818,0
strength,val,1502971.7918181818,1553070.5625454546,0
strength,val,1553070.5625454546,1603169.3332727272,0
strength,val,1603169.3332727272,1653268.1039999998,0
strength,val,1653268.1039999998,1703366.8747272727,0
strength,val,1703366.8747272727,1753465.6454545455,0
strength,val,1753465.6454545455,1803564.4161818181,0
strength,val,1803564.4161818181,1853663.1869090907,0
strength,val,1853663.1869090907,1903761.9576363636,0
strength,val,1903761.9576363636,1953860.7283636364,0
strength,val,1953860.7283636364,2003959.499090909,0
strength,val,2003959.499090909,2054058.2698181816,0
strength,val,2054058.2698181816,2104157.0405454542,0
strength,val,2104157.0405454542,2154255.8112727273,0
strength,val,2154255.8112727273,2204354.582,0
strength,val,2204354.582,2254453.3527272725,0
strength,val,2254453.3527272725,2304552.1234545456,0
strength,val,2304552.1234545456,2354650.8941818182,0
strength,val,2354650.8941818182,2404749.664909091,0
strength,val,2404749.664909091,2454848.4356363635,0
strength,val,2454848.4356363635,2504947.206363636,0
strength,val,2504947.206363636,2555045.977090909,0
strength,val,2555045.977090909,2605144.7478181818,0
strength,val,2605144.7478181818,2655243.5185454544,0
strength,val,2655243.5185454544,2705342.2892727274,0
strength,val,2705342.2892727274,2755441.06,0
strength,test,8.67,50107.440727272726,1772
strength,test,50107.440727272726,100206.21145454545,5
strength,test,100206.21145454545,150304.9821818182,2
strength,test,150304.9821818182,200403.75290909092,2
strength,test,200403.75290909092,250502.52363636365,0
strength,test,250502.52363636365,300601.29436363635,0
strength,test,300601.29436363635,350700.0650909091,0
strength,test,350700.0650909091,400798.8358181818,0
strength,test,400798.8358181818,450897.60654545453,0
strength,test,450897.60654545453,500996.37727272726,0
strength,test,500996.37727272726,551095.148,0
strength,test,551095.148,601193.9187272728,0
strength,test,601193.9187272728,651292.6894545455,0
strength,test,651292.6894545455,701391.4601818182,0
strength,test,701391.4601818182,751490.230909091,1
strength,test,751490.230909091,801589.0016363637,0
strength,test,801589.0016363637,851687.7723636364,0
strength,test,851687.7723636364,901786.5430909091,0
strength,test,901786.5430909091,951885.3138181819,0
strength,test,951885.3138181819,1001984.0845454546,0
strength,test,1001984.0845454546,1052082.855272727,0
strength,test,1052082.855272727,1102181.626,0
strength,test,1102181.626,1152280.3967272728,0
strength,test,1152280.3967272728,1202379.1674545454,0
strength,test,1202379.1674545454,1252477.938181818,0
strength,test,1252477.938181818,1302576.7089090908,0
strength,test,1302576.7089090908,1352675.4796363637,0
strength,test,1352675.4796363637,1402774.2503636363,0
strength,test,1402774.2503636363,1452873.021090909,0
strength,test,1452873.021090909,1502971.7918181818,0
strength,test,1502971.7918181818,1553070.5625454546,0
strength,test,1553070.5625454546,1603169.3332727272,0
strength,test,1603169.3332727272,1653268.1039999998,0
strength,test,1653268.1039999998,1703366.8747272727,0
strength,test,1703366.8747272727,1753465.6454545455,0
strength,test,1753465.6454545455,1803564.4161818181,0
strength,test,1803564.4161818181,1853663.1869090907,0
strength,test,1853663.1869090907,1903761.9576363636,0
strength,test,1903761.9576363636,1953860.7283636364,0
strength,test,1953860.7283636364,2003959.499090909,0
strength,test,2003959.499090909,2054058.2698181816,0
strength,test,2054058.2698181816,2104157.0405454542,0
strength,test,2104157.0405454542,2154255.8112727273,0
strength,test,2154255.8112727273,2204354.582,0
strength,test,2204354.582,2254453.3527272725,0
strength,test,2254453.3527272725,2304552.1234545456,0
strength,test,2304552.1234545456,2354650.8941818182,0
strength,test,2354650.8941818182,2404749.664909091,0
strength,test,2404749.664909091,2454848.4356363635,0
strength,test,2454848.4356363635,2504947.206363636,0
strength,test,2504947.206363636,2555045.977090909,0
strength,test,2555045.977090909,2605144.7478181818,0
strength,test,2605144.7478181818,2655243.5185454544,0
strength,test,2655243.5185454544,2705342.2892727274,0
strength,test,2705342.2892727274,2755441.06,1
target_log10,train,0.9380190974762104,1.0380585888989342,4
target_log10,train,1.0380585888989342,1.138098080321658,5
target_log10,train,1.138098080321658,1.2381375717443819,28
target_log10,train,1.2381375717443819,1.3381770631671057,61
target_log10,train,1.3381770631671057,1.4382165545898296,103
target_log10,train,1.4382165545898296,1.5382560460125534,171
target_log10,train,1.5382560460125534,1.6382955374352772,378
target_log10,train,1.6382955374352772,1.738335028858001,596
target_log10,train,1.738335028858001,1.838374520280725,653
target_log10,train,1.838374520280725,1.9384140117034487,771
target_log10,train,1.9384140117034487,2.0384535031261724,774
target_log10,train,2.0384535031261724,2.1384929945488964,605
target_log10,train,2.1384929945488964,2.2385324859716205,614
target_log10,train,2.2385324859716205,2.338571977394344,564
target_log10,train,2.338571977394344,2.4386114688170677,480
target_log10,train,2.4386114688170677,2.5386509602397918,372
target_log10,train,2.5386509602397918,2.638690451662516,304
target_log10,train,2.638690451662516,2.7387299430852394,251
target_log10,train,2.7387299430852394,2.838769434507963,238
target_log10,train,2.838769434507963,2.938808925930687,170
target_log10,train,2.938808925930687,3.0388484173534107,163
target_log10,train,3.0388484173534107,3.1388879087761348,155
target_log10,train,3.1388879087761348,3.238927400198859,152
target_log10,train,3.238927400198859,3.3389668916215824,117
target_log10,train,3.3389668916215824,3.439006383044306,117
target_log10,train,3.439006383044306,3.53904587446703,70
target_log10,train,3.53904587446703,3.639085365889754,62
target_log10,train,3.639085365889754,3.739124857312478,54
target_log10,train,3.739124857312478,3.8391643487352014,41
target_log10,train,3.8391643487352014,3.9392038401579255,30
target_log10,train,3.9392038401579255,4.03924333158065,39
target_log10,train,4.03924333158065,4.139282823003374,30
target_log10,train,4.139282823003374,4.239322314426097,31
target_log10,train,4.239322314426097,4.339361805848821,17
target_log10,train,4.339361805848821,4.439401297271544,16
target_log10,train,4.439401297271544,4.539440788694268,13
target_log10,train,4.539440788694268,4.639480280116992,15
target_log10,train,4.639480280116992,4.739519771539716,17
target_log10,train,4.739519771539716,4.839559262962441,6
target_log10,train,4.839559262962441,4.939598754385164,7
target_log10,train,4.939598754385164,5.039638245807888,8
target_log10,train,5.039638245807888,5.1396777372306115,3
target_log10,train,5.1396777372306115,5.239717228653335,2
target_log10,train,5.239717228653335,5.339756720076059,1
target_log10,train,5.339756720076059,5.439796211498782,2
target_log10,train,5.439796211498782,5.539835702921508,3
target_log10,train,5.539835702921508,5.639875194344231,3
target_log10,train,5.639875194344231,5.739914685766955,0
target_log10,train,5.739914685766955,5.839954177189679,0
target_log10,train,5.839954177189679,5.939993668612402,2
target_log10,train,5.939993668612402,6.040033160035126,0
target_log10,train,6.040033160035126,6.140072651457849,0
target_log10,train,6.140072651457849,6.240112142880573,0
target_log10,train,6.240112142880573,6.340151634303298,0
target_log10,train,6.340151634303298,6.440191125726022,0
target_log10,val,0.9380190974762104,1.0380585888989342,0
target_log10,val,1.0380585888989342,1.138098080321658,1
target_log10,val,1.138098080321658,1.2381375717443819,4
target_log10,val,1.2381375717443819,1.3381770631671057,5
target_log10,val,1.3381770631671057,1.4382165545898296,24
target_log10,val,1.4382165545898296,1.5382560460125534,46
target_log10,val,1.5382560460125534,1.6382955374352772,80
target_log10,val,1.6382955374352772,1.738335028858001,110
target_log10,val,1.738335028858001,1.838374520280725,146
target_log10,val,1.838374520280725,1.9384140117034487,170
target_log10,val,1.9384140117034487,2.0384535031261724,167
target_log10,val,2.0384535031261724,2.1384929945488964,138
target_log10,val,2.1384929945488964,2.2385324859716205,124
target_log10,val,2.2385324859716205,2.338571977394344,107
target_log10,val,2.338571977394344,2.4386114688170677,90
target_log10,val,2.4386114688170677,2.5386509602397918,84
target_log10,val,2.5386509602397918,2.638690451662516,74
target_log10,val,2.638690451662516,2.7387299430852394,64
target_log10,val,2.7387299430852394,2.838769434507963,71
target_log10,val,2.838769434507963,2.938808925930687,33
target_log10,val,2.938808925930687,3.0388484173534107,43
target_log10,val,3.0388484173534107,3.1388879087761348,32
target_log10,val,3.1388879087761348,3.238927400198859,26
target_log10,val,3.238927400198859,3.3389668916215824,32
target_log10,val,3.3389668916215824,3.439006383044306,20
target_log10,val,3.439006383044306,3.53904587446703,18
target_log10,val,3.53904587446703,3.639085365889754,9
target_log10,val,3.639085365889754,3.739124857312478,5
target_log10,val,3.739124857312478,3.8391643487352014,10
target_log10,val,3.8391643487352014,3.9392038401579255,7
target_log10,val,3.9392038401579255,4.03924333158065,6
target_log10,val,4.03924333158065,4.139282823003374,8
target_log10,val,4.139282823003374,4.239322314426097,3
target_log10,val,4.239322314426097,4.339361805848821,3
target_log10,val,4.339361805848821,4.439401297271544,7
target_log10,val,4.439401297271544,4.539440788694268,7
target_log10,val,4.539440788694268,4.639480280116992,0
target_log10,val,4.639480280116992,4.739519771539716,1
target_log10,val,4.739519771539716,4.839559262962441,1
target_log10,val,4.839559262962441,4.939598754385164,2
target_log10,val,4.939598754385164,5.039638245807888,0
target_log10,val,5.039638245807888,5.1396777372306115,1
target_log10,val,5.1396777372306115,5.239717228653335,2
target_log10,val,5.239717228653335,5.339756720076059,0
target_log10,val,5.339756720076059,5.439796211498782,1
target_log10,val,5.439796211498782,5.539835702921508,1
target_log10,val,5.539835702921508,5.639875194344231,0
target_log10,val,5.639875194344231,5.739914685766955,0
target_log10,val,5.739914685766955,5.839954177189679,0
target_log10,val,5.839954177189679,5.939993668612402,0
target_log10,val,5.939993668612402,6.040033160035126,0
target_log10,val,6.040033160035126,6.140072651457849,0
target_log10,val,6.140072651457849,6.240112142880573,0
target_log10,val,6.240112142880573,6.340151634303298,0
target_log10,val,6.340151634303298,6.440191125726022,0
target_log10,test,0.9380190974762104,1.0380585888989342,1
target_log10,test,1.0380585888989342,1.138098080321658,1
target_log10,test,1.138098080321658,1.2381375717443819,5
target_log10,test,1.2381375717443819,1.3381770631671057,13
target_log10,test,1.3381770631671057,1.4382165545898296,19
target_log10,test,1.4382165545898296,1.5382560460125534,27
target_log10,test,1.5382560460125534,1.6382955374352772,84
target_log10,test,1.6382955374352772,1.738335028858001,128
target_log10,test,1.738335028858001,1.838374520280725,144
target_log10,test,1.838374520280725,1.9384140117034487,177
target_log10,test,1.9384140117034487,2.0384535031261724,165
target_log10,test,2.0384535031261724,2.1384929945488964,162
target_log10,test,2.1384929945488964,2.2385324859716205,129
target_log10,test,2.2385324859716205,2.338571977394344,108
target_log10,test,2.338571977394344,2.4386114688170677,98
target_log10,test,2.4386114688170677,2.5386509602397918,75
target_log10,test,2.5386509602397918,2.638690451662516,64
target_log10,test,2.638690451662516,2.7387299430852394,57
target_log10,test,2.7387299430852394,2.838769434507963,52
target_log10,test,2.838769434507963,2.938808925930687,39
target_log10,test,2.938808925930687,3.0388484173534107,39
target_log10,test,3.0388484173534107,3.1388879087761348,30
target_log10,test,3.1388879087761348,3.238927400198859,30
target_log10,test,3.238927400198859,3.3389668916215824,26
target_log10,test,3.3389668916215824,3.439006383044306,14
target_log10,test,3.439006383044306,3.53904587446703,13
target_log10,test,3.53904587446703,3.639085365889754,19
target_log10,test,3.639085365889754,3.739124857312478,8
target_log10,test,3.739124857312478,3.8391643487352014,6
target_log10,test,3.8391643487352014,3.9392038401579255,7
target_log10,test,3.9392038401579255,4.03924333158065,7
target_log10,test,4.03924333158065,4.139282823003374,10
target_log10,test,4.139282823003374,4.239322314426097,3
target_log10,test,4.239322314426097,4.339361805848821,2
target_log10,test,4.339361805848821,4.439401297271544,5
target_log10,test,4.439401297271544,4.539440788694268,2
target_log10,test,4.539440788694268,4.639480280116992,2
target_log10,test,4.639480280116992,4.739519771539716,2
target_log10,test,4.739519771539716,4.839559262962441,2
target_log10,test,4.839559262962441,4.939598754385164,2
target_log10,test,4.939598754385164,5.039638245807888,0
target_log10,test,5.039638245807888,5.1396777372306115,1
target_log10,test,5.1396777372306115,5.239717228653335,2
target_log10,test,5.239717228653335,5.339756720076059,1
target_log10,test,5.339756720076059,5.439796211498782,0
target_log10,test,5.439796211498782,5.539835702921508,0
target_log10,test,5.539835702921508,5.639875194344231,0
target_log10,test,5.639875194344231,5.739914685766955,0
target_log10,test,5.739914685766955,5.839954177189679,0
target_log10,test,5.839954177189679,5.939993668612402,1
target_log10,test,5.939993668612402,6.040033160035126,0
target_log10,test,6.040033160035126,6.140072651457849,0
target_log10,test,6.140072651457849,6.240112142880573,0
target_log10,test,6.240112142880573,6.340151634303298,0
target_log10,test,6.340151634303298,6.440191125726022,1
target_normalized,train,2.2310585234453148e-17,0.02010352470353058,4
target_normalized,train,0.02010352470353058,0.040207049407061136,5
target_normalized,train,0.040207049407061136,0.060310574110591694,28
target_normalized,train,0.060310574110591694,0.08041409881412226,61
target_normalized,train,0.08041409881412226,0.10051762351765281,103
target_normalized,train,0.10051762351765281,0.12062114822118337,171
target_normalized,train,0.12062114822118337,0.14072467292471394,378
target_normalized,train,0.14072467292471394,0.1608281976282445,596
target_normalized,train,0.1608281976282445,0.18093172233177504,653
target_normalized,train,0.18093172233177504,0.2010352470353056,771
target_normalized,train,0.2010352470353056,0.22113877173883617,774
target_normalized,train,0.22113877173883617,0.24124229644236672,605
target_normalized,train,0.24124229644236672,0.2613458211458973,614
target_normalized,train,0.2613458211458973,0.2814493458494278,564
target_normalized,train,0.2814493458494278,0.3015528705529584,480
target_normalized,train,0.3015528705529584,0.3216563952564889,372
target_normalized,train,0.3216563952564889,0.3417599199600195,304
target_normalized,train,0.3417599199600195,0.36186344466355,251
target_normalized,train,0.36186344466355,0.3819669693670806,238
target_normalized,train,0.3819669693670806,0.40207049407061113,170
target_normalized,train,0.40207049407061113,0.42217401877414173,163
target_normalized,train,0.42217401877414173,0.4422775434776723,155
target_normalized,train,0.4422775434776723,0.46238106818120284,152
target_normalized,train,0.46238106818120284,0.4824845928847334,117
target_normalized,train,0.4824845928847334,0.5025881175882639,117
target_normalized,train,0.5025881175882639,0.5226916422917945,70
target_normalized,train,0.5226916422917945,0.542795166995325,62
target_normalized,train,0.542795166995325,0.5628986916988556,54
target_normalized,train,0.5628986916988556,0.5830022164023861,41
target_normalized,train,0.5830022164023861,0.6031057411059167,30
target_normalized,train,0.6031057411059167,0.6232092658094472,39
target_normalized,train,0.6232092658094472,0.6433127905129779,30
target_normalized,train,0.6433127905129779,0.6634163152165085,31
target_normalized,train,0.6634163152165085,0.683519839920039,17
target_normalized,train,0.683519839920039,0.7036233646235696,16
target_normalized,train,0.7036233646235696,0.7237268893271,13
target_normalized,train,0.7237268893271,0.7438304140306307,15
target_normalized,train,0.7438304140306307,0.7639339387341612,17
target_normalized,train,0.7639339387341612,0.7840374634376918,6
target_normalized,train,0.7840374634376918,0.8041409881412223,7
target_normalized,train,0.8041409881412223,0.8242445128447529,8
target_normalized,train,0.8242445128447529,0.8443480375482835,3
target_normalized,train,0.8443480375482835,0.864451562251814,2
target_normalized,train,0.864451562251814,0.8845550869553446,1
target_normalized,train,0.8845550869553446,0.9046586116588751,2
target_normalized,train,0.9046586116588751,0.9247621363624057,3
target_normalized,train,0.9247621363624057,0.9448656610659362,3
target_normalized,train,0.9448656610659362,0.9649691857694668,0
target_normalized,train,0.9649691857694668,0.9850727104729974,0
target_normalized,train,0.9850727104729974,1.0051762351765279,2
target_normalized,train,1.0051762351765279,1.0252797598800585,0
target_normalized,train,1.0252797598800585,1.045383284583589,0
target_normalized,train,1.045383284583589,1.0654868092871195,0
target_normalized,train,1.0654868092871195,1.08559033399065,0
target_normalized,train,1.08559033399065,1.1056938586941807,0
target_normalized,val,2.2310585234453148e-17,0.02010352470353058,0
target_normalized,val,0.02010352470353058,0.040207049407061136,1
target_normalized,val,0.040207049407061136,0.060310574110591694,4
target_normalized,val,0.060310574110591694,0.08041409881412226,5
target_normalized,val,0.08041409881412226,0.10051762351765281,24
target_normalized,val,0.10051762351765281,0.12062114822118337,46
target_normalized,val,0.12062114822118337,0.14072467292471394,80
target_normalized,val,0.14072467292471394,0.1608281976282445,110
target_normalized,val,0.1608281976282445,0.18093172233177504,146
target_normalized,val,0.18093172233177504,0.2010352470353056,170
target_normalized,val,0.2010352470353056,0.22113877173883617,167
target_normalized,val,0.22113877173883617,0.24124229644236672,138
target_normalized,val,0.24124229644236672,0.2613458211458973,124
target_normalized,val,0.2613458211458973,0.2814493458494278,107
target_normalized,val,0.2814493458494278,0.3015528705529584,90
target_normalized,val,0.3015528705529584,0.3216563952564889,84
target_normalized,val,0.3216563952564889,0.3417599199600195,74
target_normalized,val,0.3417599199600195,0.36186344466355,64
target_normalized,val,0.36186344466355,0.3819669693670806,71
target_normalized,val,0.3819669693670806,0.40207049407061113,33
target_normalized,val,0.40207049407061113,0.42217401877414173,43
target_normalized,val,0.42217401877414173,0.4422775434776723,32
target_normalized,val,0.4422775434776723,0.46238106818120284,26
target_normalized,val,0.46238106818120284,0.4824845928847334,32
target_normalized,val,0.4824845928847334,0.5025881175882639,20
target_normalized,val,0.5025881175882639,0.5226916422917945,18
target_normalized,val,0.5226916422917945,0.542795166995325,9
target_normalized,val,0.542795166995325,0.5628986916988556,5
target_normalized,val,0.5628986916988556,0.5830022164023861,10
target_normalized,val,0.5830022164023861,0.6031057411059167,7
target_normalized,val,0.6031057411059167,0.6232092658094472,6
target_normalized,val,0.6232092658094472,0.6433127905129779,8
target_normalized,val,0.6433127905129779,0.6634163152165085,3
target_normalized,val,0.6634163152165085,0.683519839920039,3
target_normalized,val,0.683519839920039,0.7036233646235696,7
target_normalized,val,0.7036233646235696,0.7237268893271,7
target_normalized,val,0.7237268893271,0.7438304140306307,0
target_normalized,val,0.7438304140306307,0.7639339387341612,1
target_normalized,val,0.7639339387341612,0.7840374634376918,1
target_normalized,val,0.7840374634376918,0.8041409881412223,2
target_normalized,val,0.8041409881412223,0.8242445128447529,0
target_normalized,val,0.8242445128447529,0.8443480375482835,1
target_normalized,val,0.8443480375482835,0.864451562251814,2
target_normalized,val,0.864451562251814,0.8845550869553446,0
target_normalized,val,0.8845550869553446,0.9046586116588751,1
target_normalized,val,0.9046586116588751,0.9247621363624057,1
target_normalized,val,0.9247621363624057,0.9448656610659362,0
target_normalized,val,0.9448656610659362,0.9649691857694668,0
target_normalized,val,0.9649691857694668,0.9850727104729974,0
target_normalized,val,0.9850727104729974,1.0051762351765279,0
target_normalized,val,1.0051762351765279,1.0252797598800585,0
target_normalized,val,1.0252797598800585,1.045383284583589,0
target_normalized,val,1.045383284583589,1.0654868092871195,0
target_normalized,val,1.0654868092871195,1.08559033399065,0
target_normalized,val,1.08559033399065,1.1056938586941807,0
target_normalized,test,2.2310585234453148e-17,0.02010352470353058,1
target_normalized,test,0.02010352470353058,0.040207049407061136,1
target_normalized,test,0.040207049407061136,0.060310574110591694,5
target_normalized,test,0.060310574110591694,0.08041409881412226,13
target_normalized,test,0.08041409881412226,0.10051762351765281,19
target_normalized,test,0.10051762351765281,0.12062114822118337,27
target_normalized,test,0.12062114822118337,0.14072467292471394,84
target_normalized,test,0.14072467292471394,0.1608281976282445,128
target_normalized,test,0.1608281976282445,0.18093172233177504,144
target_normalized,test,0.18093172233177504,0.2010352470353056,177
target_normalized,test,0.2010352470353056,0.22113877173883617,165
target_normalized,test,0.22113877173883617,0.24124229644236672,162
target_normalized,test,0.24124229644236672,0.2613458211458973,129
target_normalized,test,0.2613458211458973,0.2814493458494278,108
target_normalized,test,0.2814493458494278,0.3015528705529584,98
target_normalized,test,0.3015528705529584,0.3216563952564889,75
target_normalized,test,0.3216563952564889,0.3417599199600195,64
target_normalized,test,0.3417599199600195,0.36186344466355,57
target_normalized,test,0.36186344466355,0.3819669693670806,52
target_normalized,test,0.3819669693670806,0.40207049407061113,39
target_normalized,test,0.40207049407061113,0.42217401877414173,39
target_normalized,test,0.42217401877414173,0.4422775434776723,30
target_normalized,test,0.4422775434776723,0.46238106818120284,30
target_normalized,test,0.46238106818120284,0.4824845928847334,26
target_normalized,test,0.4824845928847334,0.5025881175882639,14
target_normalized,test,0.5025881175882639,0.5226916422917945,13
target_normalized,test,0.5226916422917945,0.542795166995325,19
target_normalized,test,0.542795166995325,0.5628986916988556,8
target_normalized,test,0.5628986916988556,0.5830022164023861,6
target_normalized,test,0.5830022164023861,0.6031057411059167,7
target_normalized,test,0.6031057411059167,0.6232092658094472,7
target_normalized,test,0.6232092658094472,0.6433127905129779,10
target_normalized,test,0.6433127905129779,0.6634163152165085,3
target_normalized,test,0.6634163152165085,0.683519839920039,2
target_normalized,test,0.683519839920039,0.7036233646235696,5
target_normalized,test,0.7036233646235696,0.7237268893271,2
target_normalized,test,0.7237268893271,0.7438304140306307,2
target_normalized,test,0.7438304140306307,0.7639339387341612,2
target_normalized,test,0.7639339387341612,0.7840374634376918,2
target_normalized,test,0.7840374634376918,0.8041409881412223,2
target_normalized,test,0.8041409881412223,0.8242445128447529,0
target_normalized,test,0.8242445128447529,0.8443480375482835,1
target_normalized,test,0.8443480375482835,0.864451562251814,2
target_normalized,test,0.864451562251814,0.8845550869553446,1
target_normalized,test,0.8845550869553446,0.9046586116588751,0
target_normalized,test,0.9046586116588751,0.9247621363624057,0
target_normalized,test,0.9247621363624057,0.9448656610659362,0
target_normalized,test,0.9448656610659362,0.9649691857694668,0
target_normalized,test,0.9649691857694668,0.9850727104729974,0
target_normalized,test,0.9850727104729974,1.0051762351765279,1
target_normalized,test,1.0051762351765279,1.0252797598800585,0
target_normalized,test,1.0252797598800585,1.045383284583589,0
target_normalized,test,1.045383284583589,1.0654868092871195,0
target_normalized,test,1.0654868092871195,1.08559033399065,0
target_normalized,test,1.08559033399065,1.1056938586941807,1
