position_1index,base,fraction,n
1,A,0.2659878828677213,11884
1,C,0.2268596432177718,11884
1,G,0.2162571524739145,11884
1,T,0.2908953214405924,11884
2,A,0.24082800403904409,11884
2,C,0.2428475260854931,11884
2,G,0.2350218781555032,11884
2,T,0.2813025917199596,11884
3,A,0.2478963312016156,11884
3,C,0.24023897677549647,11884
3,G,0.2578256479299899,11884
3,T,0.254039044092898,11884
4,A,0.25462807135644566,11884
4,C,0.23678895994614607,11884
4,G,0.2431841130932346,11884
4,T,0.2653988556041737,11884
5,A,0.23889262874453046,11884
5,C,0.25260854930999666,11884
5,G,0.2509256142712891,11884
5,T,0.2575732076741838,11884
6,A,0.26783911141029954,11884
6,C,0.24368899360484686,11884
6,G,0.25496465836418714,11884
6,T,0.23350723662066644,11884
7,A,0.2785257489060922,11884
7,C,0.23123527431841132,11884
7,G,0.2254291484348704,11884
7,T,0.26480982834062605,11884
8,A,0.2611073712554695,11884
8,C,0.24040727027936723,11884
8,G,0.22913160552002693,11884
8,T,0.2693537529451363,11884
9,A,0.28349040727027935,11884
9,C,0.22610232245035342,11884
9,G,0.2316560080780882,11884
9,T,0.25875126220127903,11884
10,A,0.29198922921575227,11884
10,C,0.21709861999326827,11884
10,G,0.2149108044429485,11884
10,T,0.276001346348031,11884
11,A,0.2611915180074049,11884
11,C,0.23510602490743857,11884
11,G,0.23889262874453046,11884
11,T,0.26480982834062605,11884
12,A,0.2570683271625715,11884
12,C,0.23931336250420734,11884
12,G,0.2530292830696735,11884
12,T,0.25058902726354765,11884
13,A,0.2550488051161225,11884
13,C,0.23384382362840794,11884
13,G,0.23712554695388757,11884
13,T,0.27398182430158197,11884
14,A,0.2305621003029283,11884
14,C,0.25589027263547626,11884
14,G,0.24158532480646247,11884
14,T,0.27196230225513296,11884
15,A,0.2207169303264894,11884
15,C,0.23274991585324806,11884
15,G,0.2248401211713228,11884
15,T,0.3216930326489397,11884
16,A,0.18646920228879166,11884
16,C,0.1754459777852575,11884
16,G,0.20414002019522046,11884
16,T,0.4339447997307304,11884
17,A,0.178475260854931,11884
17,C,0.1889936048468529,11884
17,G,0.27953550992931675,11884
17,T,0.35299562436889936,11884
18,A,0.2248401211713228,11884
18,C,0.23443285089195556,11884
18,G,0.30334904072702795,11884
18,T,0.23737798720969372,11884
19,A,0.28357455402221476,11884
19,C,0.27566475934028944,11884
19,G,0.20220464490070683,11884
19,T,0.23855604173678896,11884
20,A,0.27036351396836084,11884
20,C,0.26211713227869404,11884
20,G,0.21348030966004714,11884
20,T,0.254039044092898,11884
21,A,0.284079434533827,11884
21,C,0.22677549646583642,11884
21,G,0.22324133288455067,11884
21,T,0.26590373611578594,11884
22,A,0.2885392123864019,11884
22,C,0.21406933692359476,11884
22,G,0.2012790306294177,11884
22,T,0.29611242006058563,11884
23,A,0.2586671154493437,11884
23,C,0.23813530797711208,11884
23,G,0.21213396162908113,11884
23,T,0.29106361494446314,11884
24,A,0.25479636486031637,11884
24,C,0.23906092224840123,11884
24,G,0.24049141703130258,11884
24,T,0.2656512958599798,11884
25,A,0.24082800403904409,11884
25,C,0.24907438572871088,11884
25,G,0.2441938741164591,11884
25,T,0.26590373611578594,11884
26,A,0.22534500168293503,11884
26,C,0.2694378996970717,11884
26,G,0.24739145069000337,11884
26,T,0.2578256479299899,11884
27,A,0.23704140020195222,11884
27,C,0.2611073712554695,11884
27,G,0.27372938404577585,11884
27,T,0.22812184449680242,11884
28,A,0.2475597441938741,11884
28,C,0.24957926624032312,11884
28,G,0.24739145069000337,11884
28,T,0.2554695388757994,11884
29,A,0.2571524739145069,11884
29,C,0.2544597778525749,11884
29,G,0.23384382362840794,11884
29,T,0.25454392460451025,11884
30,A,0.28929653315382026,11884
30,C,0.22526085493099968,11884
30,G,0.2431841130932346,11884
30,T,0.24225849882194547,11884
31,A,0.3007404914170313,11884
31,C,0.20262537866038371,11884
31,G,0.20843150454392462,11884
31,T,0.28820262537866037,11884
32,A,0.26985863345674854,11884
32,C,0.20784247728037697,11884
32,G,0.21036687983843824,11884
32,T,0.3119320094244362,11884
33,A,0.2656512958599798,11884
33,C,0.2070851565129586,11884
33,G,0.2169303264893975,11884
33,T,0.3103332211376641,11884
34,A,0.2303096600471222,11884
34,C,0.22610232245035342,11884
34,G,0.2268596432177718,11884
34,T,0.3167283742847526,11884
35,A,0.20944126556714912,11884
35,C,0.23628407943453383,11884
35,G,0.29745876809155164,11884
35,T,0.2568158869067654,11884
36,A,0.18352406597105353,11884
36,C,0.1995960955907102,11884
36,G,0.3491248737798721,11884
36,T,0.2677549646583642,11884
37,A,0.1747728037697745,11884
37,C,0.18099966341299226,11884
37,G,0.39523729384045775,11884
37,T,0.2489902389767755,11884
38,A,0.15886906765398856,11884
38,C,0.20683271625715247,11884
38,G,0.24082800403904409,11884
38,T,0.39347021204981486,11884
39,A,0.35097610232245036,11884
39,C,0.11216762032985526,11884
39,G,0.10451026590373612,11884
39,T,0.4323460114439583,11884
40,A,0.656933692359475,11884
40,C,0.070851565129586,11884
40,G,0.057892965331538204,11884
40,T,0.21432177717940087,11884
41,A,0.37319084483338943,11884
41,C,0.16736788959946147,11884
41,G,0.10804442948502188,11884
41,T,0.35139683608212724,11884
42,A,0.47601817569841803,11884
42,C,0.16972399865365198,11884
42,G,0.14422753281723324,11884
42,T,0.21003029283069674,11884
43,A,0.3635139683608213,11884
43,C,0.17224840121171323,11884
43,G,0.08843823628407943,11884
43,T,0.3757993941433861,11884
44,A,0.14792998990238976,11884
44,C,0.10947492426792325,11884
44,G,0.10005048805116122,11884
44,T,0.6425445977785258,11884
45,A,0.2542073375967688,11884
45,C,0.15853248064624706,11884
45,G,0.2675866711544934,11884
45,T,0.3196735106024907,11884
46,A,0.30578929653315384,11884
46,C,0.17107034668461799,11884
46,G,0.22332547963648602,11884
46,T,0.2998148771457422,11884
47,A,0.28147088522383035,11884
47,C,0.23830360148098284,11884
47,G,0.19370582295523392,11884
47,T,0.2865196903399529,11884
48,A,0.2880343318747896,11884
48,C,0.21221810838101648,11884
48,G,0.28046112420060587,11884
48,T,0.219286435543588,11884
49,A,0.26523056210030294,11884
49,C,0.20430831369909122,11884
49,G,0.2577415011780545,11884
49,T,0.2727196230225513,11884
50,A,0.12689330191854595,11884
50,C,0.35408953214405925,11884
50,G,0.13202625378660385,11884
50,T,0.38699091215079096,11884
