subset,target_scale,count,mean,std,min,1%,10%,25%,50%,75%,90%,99%,max
all,strength,11884.0,1880.0140289464825,30282.81996774155,8.67,21.2381,45.21,70.74,137.085,364.8625,1381.786000000001,26015.16090000002,2755441.06
all,target_log10,11884.0,2.2818407414245234,0.629829717127376,0.9380190974762104,1.3271153280218035,1.6552345070342942,1.8496650554787328,2.136989929160392,2.562129216062201,3.1404407426836207,4.415222387323398,6.440191125726022
all,target_normalized,11884.0,0.27004887002171835,0.1265679892732017,0.0,0.07819117801959503,0.14412865858021112,0.18320062184376987,0.24094024660445684,0.3263744889733708,0.4425895945924436,0.6987644703355824,1.1056938586941807
train,strength,8318.0,1682.7657489781197,17074.775425618664,8.67,20.43,44.73,70.74,138.29,360.8,1424.5610000000017,27140.546999999897,820796.7
train,target_log10,8318.0,2.283266884491451,0.6332525651494006,0.9380190974762104,1.3102683666324475,1.650598898172657,1.8496650554787328,2.1407907766253023,2.557266528869904,3.1536792855727116,4.433532981055512,5.914235601697235
train,target_normalized,8318.0,0.270335461866289,0.12725583073249538,0.0,0.0748056819554536,0.1431971056910422,0.18320062184376987,0.24170404927696637,0.3253973033569146,0.4452499577172918,0.7024440919349606,1.0
val,strength,1783.0,1471.471458216489,11448.725399825633,12.38,24.0284,45.29,71.965,138.08,396.06,1300.6079999999997,25949.163400000103,281907.24
val,target_log10,1783.0,2.2870103645698645,0.6204797446828982,1.0927206446840991,1.3807240519324964,1.6560023206829573,1.8571201882161832,2.1401307783711343,2.597760933161748,3.11414617486414,4.41399878551858,5.4501062296554705
val,target_normalized,1783.0,0.2710877362247776,0.12468905727003289,0.031088186592497482,0.08896416666774168,0.14428295525279597,0.18469877465346507,0.24157141874258184,0.3335348922776327,0.4373055464009759,0.6985185803499318,0.9067304704994102
test,strength,1783.0,3208.7535670218736,67980.11394140631,10.15,21.2746,46.46,71.025,131.51,347.62,1269.5779999999997,24533.15820000002,2755441.06
test,target_log10,1783.0,2.2700179169159167,0.6232711667709692,1.0064660422492318,1.3278613395604082,1.6670790446433712,1.851411232709645,2.118958777766434,2.5411018110302237,3.103658001600409,4.389747500348111,6.440191125726022
test,target_normalized,1783.0,0.26767300383933296,0.12525000997088567,0.013754816478535842,0.07834109342982123,0.14650888813795446,0.18355152643753725,0.2373167805879233,0.3221489081502412,0.43519788624293526,0.6936451418349678,1.1056938586941807
