method_name,comparison_set,strength_group,n,mae_log10,bias_log10,threshold_low,threshold_high
knn_physchem_full,all_success,low,589,0.549567692330994,0.549567692330994,1.9406658724758288,2.383258681708176
knn_physchem_full,all_success,mid,573,0.17014645016667945,0.13873084584133846,1.9406658724758288,2.383258681708176
knn_physchem_full,all_success,high,621,0.6641116964840106,-0.6638279768696884,1.9406658724758288,2.383258681708176
knn_physchem_full,common,low,589,0.549567692330994,0.549567692330994,1.9406658724758288,2.383258681708176
knn_physchem_full,common,mid,573,0.17014645016667945,0.13873084584133846,1.9406658724758288,2.383258681708176
knn_physchem_full,common,high,620,0.6648395870057958,-0.6645554097791926,1.9406658724758288,2.383258681708176
thermo_regseq2,all_success,low,589,0.5323333060964819,0.5323333060964819,1.9406658724758288,2.383258681708176
thermo_regseq2,all_success,mid,573,0.1810254202877355,0.134907214726852,1.9406658724758288,2.383258681708176
thermo_regseq2,all_success,high,620,0.6610410029466885,-0.654754719315805,1.9406658724758288,2.383258681708176
thermo_regseq2,common,low,589,0.5323333060964819,0.5323333060964819,1.9406658724758288,2.383258681708176
thermo_regseq2,common,mid,573,0.1810254202877355,0.134907214726852,1.9406658724758288,2.383258681708176
thermo_regseq2,common,high,620,0.6610410029466885,-0.654754719315805,1.9406658724758288,2.383258681708176
cnn_1d,all_success,low,589,0.4979101069289916,0.4970337932538143,1.9406658724758288,2.383258681708176
cnn_1d,all_success,mid,573,0.18430201629485415,0.10944285662085447,1.9406658724758288,2.383258681708176
cnn_1d,all_success,high,621,0.6697048395955119,-0.6623528219912185,1.9406658724758288,2.383258681708176
cnn_1d,common,low,589,0.4979101069289916,0.4970337932538143,1.9406658724758288,2.383258681708176
cnn_1d,common,mid,573,0.18430201629485415,0.10944285662085447,1.9406658724758288,2.383258681708176
cnn_1d,common,high,620,0.6702591524100096,-0.6628952767128059,1.9406658724758288,2.383258681708176
