round,k,weights,metric,val_r2_log10,val_mae_log10,val_spearman_log10,improved,best_k_after_round,best_val_r2_log10_after_round,no_improvement_rounds,patience
1,1,distance,euclidean,-0.929486382537821,0.6487695767662162,0.019753905514810266,True,1,-0.929486382537821,0,3
2,3,distance,euclidean,-0.36990655272300277,0.5541863655875003,-0.0021701494945123695,True,3,-0.36990655272300277,0,3
3,5,distance,euclidean,-0.23023890184042028,0.524674661621654,0.0078052303864431065,True,5,-0.23023890184042028,0,3
4,7,distance,euclidean,-0.16345297355155108,0.5089842789962602,0.022098794706740633,True,7,-0.16345297355155108,0,3
5,9,distance,euclidean,-0.13039723976095807,0.5018906167435259,0.02077952611621212,True,9,-0.13039723976095807,0,3
6,11,distance,euclidean,-0.1148878637382802,0.49653052770037387,0.021550691118317096,True,11,-0.1148878637382802,0,3
7,15,distance,euclidean,-0.08438349552727464,0.48852412795718053,0.029481714677732675,True,15,-0.08438349552727464,0,3
8,21,distance,euclidean,-0.05983654786586712,0.483232720596362,0.03674074786594842,True,21,-0.05983654786586712,0,3
9,31,distance,euclidean,-0.03345148507506135,0.4786887958233075,0.05493727510249885,True,31,-0.03345148507506135,0,3
10,41,distance,euclidean,-0.020429882402648758,0.47565182778724246,0.06660730567019053,True,41,-0.020429882402648758,0,3
11,51,distance,euclidean,-0.010957334078227854,0.4742597367050594,0.07420160102056876,True,51,-0.010957334078227854,0,3
12,71,distance,euclidean,-0.003900516805101617,0.47344173646487986,0.0821120215934333,True,71,-0.003900516805101617,0,3
13,101,distance,euclidean,0.001460999284191744,0.47220511931631814,0.09141206724609305,True,101,0.001460999284191744,0,3
14,151,distance,euclidean,0.006596152301355684,0.471399347586393,0.09635272248630872,True,151,0.006596152301355684,0,3
15,201,distance,euclidean,0.010122918856592444,0.47021076209951496,0.10416798232700432,True,201,0.010122918856592444,0,3
16,251,distance,euclidean,0.011275727132891378,0.470041057255631,0.10487678053068147,True,251,0.011275727132891378,0,3
17,301,distance,euclidean,0.013481200098519941,0.4697245669577309,0.11041339070591054,True,301,0.013481200098519941,0,3
18,351,distance,euclidean,0.014466321192467047,0.4694553320000198,0.11371285463222046,True,351,0.014466321192467047,0,3
19,401,distance,euclidean,0.015183829247940817,0.46928635369710864,0.11489718551623693,True,401,0.015183829247940817,0,3
20,501,distance,euclidean,0.01627128663017019,0.46890738533141146,0.11953986805227507,True,501,0.01627128663017019,0,3
21,601,distance,euclidean,0.016993962510009508,0.4684265293211479,0.12270891837629197,True,601,0.016993962510009508,0,3
22,801,distance,euclidean,0.017086333006511523,0.46822291384375464,0.12249087962861878,True,801,0.017086333006511523,0,3
23,1001,distance,euclidean,0.017831196084989398,0.46775109163742534,0.12461473062185932,True,1001,0.017831196084989398,0,3
24,1201,distance,euclidean,0.01789323565260459,0.4676479500699082,0.1241433695593785,True,1201,0.01789323565260459,0,3
25,1501,distance,euclidean,0.017921905192430976,0.46752812689009166,0.12386851699660291,True,1501,0.017921905192430976,0,3
26,2001,distance,euclidean,0.01743086961652407,0.4674669610863662,0.12403377064715633,False,1501,0.017921905192430976,1,3
27,2501,distance,euclidean,0.017147986827169337,0.46728138709853206,0.12425901895819774,False,1501,0.017921905192430976,2,3
28,3001,distance,euclidean,0.016901953987340068,0.4671360081090742,0.12461057064769443,False,1501,0.017921905192430976,3,3
