dataset_id,run_id,method_name,split_id,evaluation_subset,extra_fit_scope,extra_k,metric_name,target_scale,value,n_requested,n_success,n_used,metric_status,reason,evidence_level,schema_version,data_version,comparison_set_id
course_ecoli50_strength,knn_ecoli_full_20260929_v1,knn_physchem_full,ecoli50_random_20260928_v1,val,train,1501,r2,log10,0.017921905192430976,1783,1783,1783,ok,,final,2.0.0,ecoli50_strength_v1,knn_ecoli_full_test
course_ecoli50_strength,knn_ecoli_full_20260929_v1,knn_physchem_full,ecoli50_random_20260928_v1,val,train,1501,mae,log10,0.46752812689009166,1783,1783,1783,ok,,final,2.0.0,ecoli50_strength_v1,knn_ecoli_full_test
course_ecoli50_strength,knn_ecoli_full_20260929_v1,knn_physchem_full,ecoli50_random_20260928_v1,val,train,1501,spearman,log10,0.12386851699660291,1783,1783,1783,ok,,final,2.0.0,ecoli50_strength_v1,knn_ecoli_full_test
course_ecoli50_strength,knn_ecoli_full_20260929_v1,knn_physchem_full,ecoli50_random_20260928_v1,val,train,1501,r2,raw,-0.01218377502780199,1783,1783,1783,ok,,final,2.0.0,ecoli50_strength_v1,knn_ecoli_full_test
course_ecoli50_strength,knn_ecoli_full_20260929_v1,knn_physchem_full,ecoli50_random_20260928_v1,val,train,1501,mae,raw,1401.4769331793407,1783,1783,1783,ok,,final,2.0.0,ecoli50_strength_v1,knn_ecoli_full_test
course_ecoli50_strength,knn_ecoli_full_20260929_v1,knn_physchem_full,ecoli50_random_20260928_v1,test,train_plus_val,1501,r2,log10,0.025224222570453425,1783,1783,1783,ok,,final,2.0.0,ecoli50_strength_v1,knn_ecoli_full_test
course_ecoli50_strength,knn_ecoli_full_20260929_v1,knn_physchem_full,ecoli50_random_20260928_v1,test,train_plus_val,1501,mae,log10,0.4600371737419444,1783,1783,1783,ok,,final,2.0.0,ecoli50_strength_v1,knn_ecoli_full_test
course_ecoli50_strength,knn_ecoli_full_20260929_v1,knn_physchem_full,ecoli50_random_20260928_v1,test,train_plus_val,1501,spearman,log10,0.16443866269029314,1783,1783,1783,ok,,final,2.0.0,ecoli50_strength_v1,knn_ecoli_full_test
course_ecoli50_strength,knn_ecoli_full_20260929_v1,knn_physchem_full,ecoli50_random_20260928_v1,test,train_plus_val,1501,r2,raw,-0.0019236473702701762,1783,1783,1783,ok,,final,2.0.0,ecoli50_strength_v1,knn_ecoli_full_test
course_ecoli50_strength,knn_ecoli_full_20260929_v1,knn_physchem_full,ecoli50_random_20260928_v1,test,train_plus_val,1501,mae,raw,3141.619076772919,1783,1783,1783,ok,,final,2.0.0,ecoli50_strength_v1,knn_ecoli_full_test
