dataset_id,sample_id,position_0index,position_1index,nucleotide,contribution_signed,contribution_abs,rank_abs,method_name,attribution_method,baseline_type,n_steps,predicted_value_log10,model_checkpoint,run_id,split_id,coordinate_version,sequence_length,annotation_status,label_transform_id,explanation_scale,schema_version,data_version
course_ecoli50_strength,demo_ecoli50_r000004,0,1,T,0.05,0.05,1,cnn_1d,integrated_gradients,zero,32,5.0,synthetic-not-a-model.json,demo_ig,demo_random42,ecoli50_local_v1,50,missing,log10mm_f15e58471a228d18,log10,2.0.0,synthetic_ecoli50_v1
course_ecoli50_strength,demo_ecoli50_r000004,1,2,T,0.049,0.049,2,cnn_1d,integrated_gradients,zero,32,5.0,synthetic-not-a-model.json,demo_ig,demo_random42,ecoli50_local_v1,50,missing,log10mm_f15e58471a228d18,log10,2.0.0,synthetic_ecoli50_v1
course_ecoli50_strength,demo_ecoli50_r000004,2,3,T,0.048,0.048,3,cnn_1d,integrated_gradients,zero,32,5.0,synthetic-not-a-model.json,demo_ig,demo_random42,ecoli50_local_v1,50,missing,log10mm_f15e58471a228d18,log10,2.0.0,synthetic_ecoli50_v1
course_ecoli50_strength,demo_ecoli50_r000004,3,4,T,0.047,0.047,4,cnn_1d,integrated_gradients,zero,32,5.0,synthetic-not-a-model.json,demo_ig,demo_random42,ecoli50_local_v1,50,missing,log10mm_f15e58471a228d18,log10,2.0.0,synthetic_ecoli50_v1
course_ecoli50_strength,demo_ecoli50_r000004,4,5,T,0.046,0.046,5,cnn_1d,integrated_gradients,zero,32,5.0,synthetic-not-a-model.json,demo_ig,demo_random42,ecoli50_local_v1,50,missing,log10mm_f15e58471a228d18,log10,2.0.0,synthetic_ecoli50_v1
course_ecoli50_strength,demo_ecoli50_r000004,5,6,T,0.045,0.045,6,cnn_1d,integrated_gradients,zero,32,5.0,synthetic-not-a-model.json,demo_ig,demo_random42,ecoli50_local_v1,50,missing,log10mm_f15e58471a228d18,log10,2.0.0,synthetic_ecoli50_v1
course_ecoli50_strength,demo_ecoli50_r000004,6,7,T,0.044,0.044,7,cnn_1d,integrated_gradients,zero,32,5.0,synthetic-not-a-model.json,demo_ig,demo_random42,ecoli50_local_v1,50,missing,log10mm_f15e58471a228d18,log10,2.0.0,synthetic_ecoli50_v1
course_ecoli50_strength,demo_ecoli50_r000004,7,8,T,0.043,0.043,8,cnn_1d,integrated_gradients,zero,32,5.0,synthetic-not-a-model.json,demo_ig,demo_random42,ecoli50_local_v1,50,missing,log10mm_f15e58471a228d18,log10,2.0.0,synthetic_ecoli50_v1
course_ecoli50_strength,demo_ecoli50_r000004,8,9,T,0.042,0.042,9,cnn_1d,integrated_gradients,zero,32,5.0,synthetic-not-a-model.json,demo_ig,demo_random42,ecoli50_local_v1,50,missing,log10mm_f15e58471a228d18,log10,2.0.0,synthetic_ecoli50_v1
course_ecoli50_strength,demo_ecoli50_r000004,9,10,T,0.041,0.041,10,cnn_1d,integrated_gradients,zero,32,5.0,synthetic-not-a-model.json,demo_ig,demo_random42,ecoli50_local_v1,50,missing,log10mm_f15e58471a228d18,log10,2.0.0,synthetic_ecoli50_v1
course_ecoli50_strength,demo_ecoli50_r000004,10,11,T,0.04,0.04,11,cnn_1d,integrated_gradients,zero,32,5.0,synthetic-not-a-model.json,demo_ig,demo_random42,ecoli50_local_v1,50,missing,log10mm_f15e58471a228d18,log10,2.0.0,synthetic_ecoli50_v1
course_ecoli50_strength,demo_ecoli50_r000004,11,12,T,0.039,0.039,12,cnn_1d,integrated_gradients,zero,32,5.0,synthetic-not-a-model.json,demo_ig,demo_random42,ecoli50_local_v1,50,missing,log10mm_f15e58471a228d18,log10,2.0.0,synthetic_ecoli50_v1
course_ecoli50_strength,demo_ecoli50_r000004,12,13,T,0.038,0.038,13,cnn_1d,integrated_gradients,zero,32,5.0,synthetic-not-a-model.json,demo_ig,demo_random42,ecoli50_local_v1,50,missing,log10mm_f15e58471a228d18,log10,2.0.0,synthetic_ecoli50_v1
course_ecoli50_strength,demo_ecoli50_r000004,13,14,T,0.037,0.037,14,cnn_1d,integrated_gradients,zero,32,5.0,synthetic-not-a-model.json,demo_ig,demo_random42,ecoli50_local_v1,50,missing,log10mm_f15e58471a228d18,log10,2.0.0,synthetic_ecoli50_v1
course_ecoli50_strength,demo_ecoli50_r000004,14,15,T,0.036,0.036,15,cnn_1d,integrated_gradients,zero,32,5.0,synthetic-not-a-model.json,demo_ig,demo_random42,ecoli50_local_v1,50,missing,log10mm_f15e58471a228d18,log10,2.0.0,synthetic_ecoli50_v1
course_ecoli50_strength,demo_ecoli50_r000004,15,16,T,0.035,0.035,16,cnn_1d,integrated_gradients,zero,32,5.0,synthetic-not-a-model.json,demo_ig,demo_random42,ecoli50_local_v1,50,missing,log10mm_f15e58471a228d18,log10,2.0.0,synthetic_ecoli50_v1
course_ecoli50_strength,demo_ecoli50_r000004,16,17,T,0.034,0.034,17,cnn_1d,integrated_gradients,zero,32,5.0,synthetic-not-a-model.json,demo_ig,demo_random42,ecoli50_local_v1,50,missing,log10mm_f15e58471a228d18,log10,2.0.0,synthetic_ecoli50_v1
course_ecoli50_strength,demo_ecoli50_r000004,17,18,T,0.033,0.033,18,cnn_1d,integrated_gradients,zero,32,5.0,synthetic-not-a-model.json,demo_ig,demo_random42,ecoli50_local_v1,50,missing,log10mm_f15e58471a228d18,log10,2.0.0,synthetic_ecoli50_v1
course_ecoli50_strength,demo_ecoli50_r000004,18,19,T,0.032,0.032,19,cnn_1d,integrated_gradients,zero,32,5.0,synthetic-not-a-model.json,demo_ig,demo_random42,ecoli50_local_v1,50,missing,log10mm_f15e58471a228d18,log10,2.0.0,synthetic_ecoli50_v1
course_ecoli50_strength,demo_ecoli50_r000004,19,20,T,0.031,0.031,20,cnn_1d,integrated_gradients,zero,32,5.0,synthetic-not-a-model.json,demo_ig,demo_random42,ecoli50_local_v1,50,missing,log10mm_f15e58471a228d18,log10,2.0.0,synthetic_ecoli50_v1
course_ecoli50_strength,demo_ecoli50_r000004,20,21,T,0.03,0.03,21,cnn_1d,integrated_gradients,zero,32,5.0,synthetic-not-a-model.json,demo_ig,demo_random42,ecoli50_local_v1,50,missing,log10mm_f15e58471a228d18,log10,2.0.0,synthetic_ecoli50_v1
course_ecoli50_strength,demo_ecoli50_r000004,21,22,T,0.029,0.029,22,cnn_1d,integrated_gradients,zero,32,5.0,synthetic-not-a-model.json,demo_ig,demo_random42,ecoli50_local_v1,50,missing,log10mm_f15e58471a228d18,log10,2.0.0,synthetic_ecoli50_v1
course_ecoli50_strength,demo_ecoli50_r000004,22,23,T,0.028,0.028,23,cnn_1d,integrated_gradients,zero,32,5.0,synthetic-not-a-model.json,demo_ig,demo_random42,ecoli50_local_v1,50,missing,log10mm_f15e58471a228d18,log10,2.0.0,synthetic_ecoli50_v1
course_ecoli50_strength,demo_ecoli50_r000004,23,24,T,0.027,0.027,24,cnn_1d,integrated_gradients,zero,32,5.0,synthetic-not-a-model.json,demo_ig,demo_random42,ecoli50_local_v1,50,missing,log10mm_f15e58471a228d18,log10,2.0.0,synthetic_ecoli50_v1
course_ecoli50_strength,demo_ecoli50_r000004,24,25,T,0.026,0.026,25,cnn_1d,integrated_gradients,zero,32,5.0,synthetic-not-a-model.json,demo_ig,demo_random42,ecoli50_local_v1,50,missing,log10mm_f15e58471a228d18,log10,2.0.0,synthetic_ecoli50_v1
course_ecoli50_strength,demo_ecoli50_r000004,25,26,T,0.025,0.025,26,cnn_1d,integrated_gradients,zero,32,5.0,synthetic-not-a-model.json,demo_ig,demo_random42,ecoli50_local_v1,50,missing,log10mm_f15e58471a228d18,log10,2.0.0,synthetic_ecoli50_v1
course_ecoli50_strength,demo_ecoli50_r000004,26,27,T,0.024,0.024,27,cnn_1d,integrated_gradients,zero,32,5.0,synthetic-not-a-model.json,demo_ig,demo_random42,ecoli50_local_v1,50,missing,log10mm_f15e58471a228d18,log10,2.0.0,synthetic_ecoli50_v1
course_ecoli50_strength,demo_ecoli50_r000004,27,28,T,0.023,0.023,28,cnn_1d,integrated_gradients,zero,32,5.0,synthetic-not-a-model.json,demo_ig,demo_random42,ecoli50_local_v1,50,missing,log10mm_f15e58471a228d18,log10,2.0.0,synthetic_ecoli50_v1
course_ecoli50_strength,demo_ecoli50_r000004,28,29,T,0.022,0.022,29,cnn_1d,integrated_gradients,zero,32,5.0,synthetic-not-a-model.json,demo_ig,demo_random42,ecoli50_local_v1,50,missing,log10mm_f15e58471a228d18,log10,2.0.0,synthetic_ecoli50_v1
course_ecoli50_strength,demo_ecoli50_r000004,29,30,T,0.021,0.021,30,cnn_1d,integrated_gradients,zero,32,5.0,synthetic-not-a-model.json,demo_ig,demo_random42,ecoli50_local_v1,50,missing,log10mm_f15e58471a228d18,log10,2.0.0,synthetic_ecoli50_v1
course_ecoli50_strength,demo_ecoli50_r000004,30,31,T,0.02,0.02,31,cnn_1d,integrated_gradients,zero,32,5.0,synthetic-not-a-model.json,demo_ig,demo_random42,ecoli50_local_v1,50,missing,log10mm_f15e58471a228d18,log10,2.0.0,synthetic_ecoli50_v1
course_ecoli50_strength,demo_ecoli50_r000004,31,32,T,0.019,0.019,32,cnn_1d,integrated_gradients,zero,32,5.0,synthetic-not-a-model.json,demo_ig,demo_random42,ecoli50_local_v1,50,missing,log10mm_f15e58471a228d18,log10,2.0.0,synthetic_ecoli50_v1
course_ecoli50_strength,demo_ecoli50_r000004,32,33,T,0.018,0.018,33,cnn_1d,integrated_gradients,zero,32,5.0,synthetic-not-a-model.json,demo_ig,demo_random42,ecoli50_local_v1,50,missing,log10mm_f15e58471a228d18,log10,2.0.0,synthetic_ecoli50_v1
course_ecoli50_strength,demo_ecoli50_r000004,33,34,T,0.017,0.017,34,cnn_1d,integrated_gradients,zero,32,5.0,synthetic-not-a-model.json,demo_ig,demo_random42,ecoli50_local_v1,50,missing,log10mm_f15e58471a228d18,log10,2.0.0,synthetic_ecoli50_v1
course_ecoli50_strength,demo_ecoli50_r000004,34,35,T,0.016,0.016,35,cnn_1d,integrated_gradients,zero,32,5.0,synthetic-not-a-model.json,demo_ig,demo_random42,ecoli50_local_v1,50,missing,log10mm_f15e58471a228d18,log10,2.0.0,synthetic_ecoli50_v1
course_ecoli50_strength,demo_ecoli50_r000004,35,36,T,0.015,0.015,36,cnn_1d,integrated_gradients,zero,32,5.0,synthetic-not-a-model.json,demo_ig,demo_random42,ecoli50_local_v1,50,missing,log10mm_f15e58471a228d18,log10,2.0.0,synthetic_ecoli50_v1
course_ecoli50_strength,demo_ecoli50_r000004,36,37,T,0.014,0.014,37,cnn_1d,integrated_gradients,zero,32,5.0,synthetic-not-a-model.json,demo_ig,demo_random42,ecoli50_local_v1,50,missing,log10mm_f15e58471a228d18,log10,2.0.0,synthetic_ecoli50_v1
course_ecoli50_strength,demo_ecoli50_r000004,37,38,T,0.013,0.013,38,cnn_1d,integrated_gradients,zero,32,5.0,synthetic-not-a-model.json,demo_ig,demo_random42,ecoli50_local_v1,50,missing,log10mm_f15e58471a228d18,log10,2.0.0,synthetic_ecoli50_v1
course_ecoli50_strength,demo_ecoli50_r000004,38,39,T,0.012,0.012,39,cnn_1d,integrated_gradients,zero,32,5.0,synthetic-not-a-model.json,demo_ig,demo_random42,ecoli50_local_v1,50,missing,log10mm_f15e58471a228d18,log10,2.0.0,synthetic_ecoli50_v1
course_ecoli50_strength,demo_ecoli50_r000004,39,40,T,0.011,0.011,40,cnn_1d,integrated_gradients,zero,32,5.0,synthetic-not-a-model.json,demo_ig,demo_random42,ecoli50_local_v1,50,missing,log10mm_f15e58471a228d18,log10,2.0.0,synthetic_ecoli50_v1
course_ecoli50_strength,demo_ecoli50_r000004,40,41,T,0.01,0.01,41,cnn_1d,integrated_gradients,zero,32,5.0,synthetic-not-a-model.json,demo_ig,demo_random42,ecoli50_local_v1,50,missing,log10mm_f15e58471a228d18,log10,2.0.0,synthetic_ecoli50_v1
course_ecoli50_strength,demo_ecoli50_r000004,41,42,T,0.009,0.009,42,cnn_1d,integrated_gradients,zero,32,5.0,synthetic-not-a-model.json,demo_ig,demo_random42,ecoli50_local_v1,50,missing,log10mm_f15e58471a228d18,log10,2.0.0,synthetic_ecoli50_v1
course_ecoli50_strength,demo_ecoli50_r000004,42,43,T,0.008,0.008,43,cnn_1d,integrated_gradients,zero,32,5.0,synthetic-not-a-model.json,demo_ig,demo_random42,ecoli50_local_v1,50,missing,log10mm_f15e58471a228d18,log10,2.0.0,synthetic_ecoli50_v1
course_ecoli50_strength,demo_ecoli50_r000004,43,44,T,0.007,0.007,44,cnn_1d,integrated_gradients,zero,32,5.0,synthetic-not-a-model.json,demo_ig,demo_random42,ecoli50_local_v1,50,missing,log10mm_f15e58471a228d18,log10,2.0.0,synthetic_ecoli50_v1
course_ecoli50_strength,demo_ecoli50_r000004,44,45,T,0.006,0.006,45,cnn_1d,integrated_gradients,zero,32,5.0,synthetic-not-a-model.json,demo_ig,demo_random42,ecoli50_local_v1,50,missing,log10mm_f15e58471a228d18,log10,2.0.0,synthetic_ecoli50_v1
course_ecoli50_strength,demo_ecoli50_r000004,45,46,T,0.005,0.005,46,cnn_1d,integrated_gradients,zero,32,5.0,synthetic-not-a-model.json,demo_ig,demo_random42,ecoli50_local_v1,50,missing,log10mm_f15e58471a228d18,log10,2.0.0,synthetic_ecoli50_v1
course_ecoli50_strength,demo_ecoli50_r000004,46,47,T,0.004,0.004,47,cnn_1d,integrated_gradients,zero,32,5.0,synthetic-not-a-model.json,demo_ig,demo_random42,ecoli50_local_v1,50,missing,log10mm_f15e58471a228d18,log10,2.0.0,synthetic_ecoli50_v1
course_ecoli50_strength,demo_ecoli50_r000004,47,48,T,0.003,0.003,48,cnn_1d,integrated_gradients,zero,32,5.0,synthetic-not-a-model.json,demo_ig,demo_random42,ecoli50_local_v1,50,missing,log10mm_f15e58471a228d18,log10,2.0.0,synthetic_ecoli50_v1
course_ecoli50_strength,demo_ecoli50_r000004,48,49,T,0.002,0.002,49,cnn_1d,integrated_gradients,zero,32,5.0,synthetic-not-a-model.json,demo_ig,demo_random42,ecoli50_local_v1,50,missing,log10mm_f15e58471a228d18,log10,2.0.0,synthetic_ecoli50_v1
course_ecoli50_strength,demo_ecoli50_r000004,49,50,T,0.001,0.001,50,cnn_1d,integrated_gradients,zero,32,5.0,synthetic-not-a-model.json,demo_ig,demo_random42,ecoli50_local_v1,50,missing,log10mm_f15e58471a228d18,log10,2.0.0,synthetic_ecoli50_v1
